DOI_REGION,noaa_espname,noaa_id,noaa_image_plot_link,noaa_dataset_link,noaa_espfgroupid,noaa_espbasin,noaa_espsubbasin,noaa_espid
California-Great Basin,Scott - Fort Jones - Nr (FTJC1),FTJC1,https://www.cbrfc.noaa.gov/dbdata/wsup/graph/espgraph_hc.py?id=FTJC1,https://www.cnrfc.noaa.gov/ensembleProduct.php?prodID=7&id=FTJC1,-,,,FTJC1
California-Great Basin,Donner Ck - Donner Lk Dam (DNRC1),DNRC1,https://www.cbrfc.noaa.gov/dbdata/wsup/graph/espgraph_hc.py?id=DNRC1,https://www.cnrfc.noaa.gov/ensembleProduct.php?prodID=7&id=DNRC1,-,,,DNRC1
California-Great Basin,Ef Carson - Markleeville - Nr (CEMC1),CEMC1,https://www.cbrfc.noaa.gov/dbdata/wsup/graph/espgraph_hc.py?id=CEMC1,https://www.cnrfc.noaa.gov/ensembleProduct.php?prodID=7&id=CEMC1,-,,,CEMC1
California-Great Basin,Mf American - Foresthill - Nr (MFAC1),MFAC1,https://www.cbrfc.noaa.gov/dbdata/wsup/graph/espgraph_hc.py?id=MFAC1,https://www.cnrfc.noaa.gov/ensembleProduct.php?prodID=7&id=MFAC1,-,,,MFAC1
California-Great Basin,Hell Hole Res. (usfs) -  (HLLC1),HLLC1,https://www.cbrfc.noaa.gov/dbdata/wsup/graph/espgraph_hc.py?id=HLLC1,https://www.cnrfc.noaa.gov/ensembleProduct.php?prodID=7&id=HLLC1,-,,,HLLC1
California-Great Basin,Mcdermitt Ck - Mcdermitt (MDCN2),MDCN2,https://www.cbrfc.noaa.gov/dbdata/wsup/graph/espgraph_hc.py?id=MDCN2,https://www.cnrfc.noaa.gov/ensembleProduct.php?prodID=7&id=MDCN2,-,,,MDCN2
California-Great Basin,Humboldt - Imlay - Nr (HRIN2),HRIN2,https://www.cbrfc.noaa.gov/dbdata/wsup/graph/espgraph_hc.py?id=HRIN2,https://www.cnrfc.noaa.gov/ensembleProduct.php?prodID=7&id=HRIN2,-,,,HRIN2
California-Great Basin,Martin Ck - Paradise Vly - Nr (MARN2),MARN2,https://www.cbrfc.noaa.gov/dbdata/wsup/graph/espgraph_hc.py?id=MARN2,https://www.cnrfc.noaa.gov/ensembleProduct.php?prodID=7&id=MARN2,-,,,MARN2
California-Great Basin,Humboldt - Comus (CMSN2),CMSN2,https://www.cbrfc.noaa.gov/dbdata/wsup/graph/espgraph_hc.py?id=CMSN2,https://www.cnrfc.noaa.gov/ensembleProduct.php?prodID=7&id=CMSN2,-,,,CMSN2
California-Great Basin,Humboldt - Battle Mountain (HBMN2),HBMN2,https://www.cbrfc.noaa.gov/dbdata/wsup/graph/espgraph_hc.py?id=HBMN2,https://www.cnrfc.noaa.gov/ensembleProduct.php?prodID=7&id=HBMN2,-,,,HBMN2
California-Great Basin,Rock Ck - Battle Mountain - Nr (ROCN2),ROCN2,https://www.cbrfc.noaa.gov/dbdata/wsup/graph/espgraph_hc.py?id=ROCN2,https://www.cnrfc.noaa.gov/ensembleProduct.php?prodID=7&id=ROCN2,-,,,ROCN2
California-Great Basin,Humboldt - Palisade (PALN2),PALN2,https://www.cbrfc.noaa.gov/dbdata/wsup/graph/espgraph_hc.py?id=PALN2,https://www.cnrfc.noaa.gov/ensembleProduct.php?prodID=7&id=PALN2,-,,,PALN2
California-Great Basin,Upper Klamath Falls - Inflow (KLAO3),KLAO3,https://www.cbrfc.noaa.gov/dbdata/wsup/graph/espgraph_hc.py?id=KLAO3,https://www.cnrfc.noaa.gov/ensembleProduct.php?prodID=7&id=KLAO3,-,,,KLAO3
California-Great Basin,Lamoille Ck - Lamoille - Nr (LCLN2),LCLN2,https://www.cbrfc.noaa.gov/dbdata/wsup/graph/espgraph_hc.py?id=LCLN2,https://www.cnrfc.noaa.gov/ensembleProduct.php?prodID=7&id=LCLN2,-,,,LCLN2
California-Great Basin,Sf Humboldt - Dixie Ck - Abv - Elko - Nr (DIXN2),DIXN2,https://www.cbrfc.noaa.gov/dbdata/wsup/graph/espgraph_hc.py?id=DIXN2,https://www.cnrfc.noaa.gov/ensembleProduct.php?prodID=7&id=DIXN2,-,,,DIXN2
California-Great Basin,Humboldt - Elko - Nr (HREN2),HREN2,https://www.cbrfc.noaa.gov/dbdata/wsup/graph/espgraph_hc.py?id=HREN2,https://www.cnrfc.noaa.gov/ensembleProduct.php?prodID=7&id=HREN2,-,,,HREN2
California-Great Basin,Marys - Hot Springs - Abv - Deeth - Nr (MHSN2),MHSN2,https://www.cbrfc.noaa.gov/dbdata/wsup/graph/espgraph_hc.py?id=MHSN2,https://www.cnrfc.noaa.gov/ensembleProduct.php?prodID=7&id=MHSN2,-,,,MHSN2
California-Great Basin,East Walker - Bridgeport - Nr (BPRC1),BPRC1,https://www.cbrfc.noaa.gov/dbdata/wsup/graph/espgraph_hc.py?id=BPRC1,https://www.cnrfc.noaa.gov/ensembleProduct.php?prodID=7&id=BPRC1,-,,,BPRC1
California-Great Basin,Independence Ck - Truckee - Nr (ILAC1),ILAC1,https://www.cbrfc.noaa.gov/dbdata/wsup/graph/espgraph_hc.py?id=ILAC1,https://www.cnrfc.noaa.gov/ensembleProduct.php?prodID=7&id=ILAC1,-,,,ILAC1
California-Great Basin,Martis Ck - Martis Ck Lk Dam (MTSC1),MTSC1,https://www.cbrfc.noaa.gov/dbdata/wsup/graph/espgraph_hc.py?id=MTSC1,https://www.cnrfc.noaa.gov/ensembleProduct.php?prodID=7&id=MTSC1,-,,,MTSC1
California-Great Basin,Spanish Ck - Keddie - Abv Blackhawk Ck (SCBC1),SCBC1,https://www.cbrfc.noaa.gov/dbdata/wsup/graph/espgraph_hc.py?id=SCBC1,https://www.cnrfc.noaa.gov/ensembleProduct.php?prodID=7&id=SCBC1,-,,,SCBC1
California-Great Basin,Indian Ck - Happy Camp - Nr (HAPC1),HAPC1,https://www.cbrfc.noaa.gov/dbdata/wsup/graph/espgraph_hc.py?id=HAPC1,https://www.cnrfc.noaa.gov/ensembleProduct.php?prodID=7&id=HAPC1,-,,,HAPC1
California-Great Basin,Central Valley WSI -  (MLIC0),MLIC0,https://www.cbrfc.noaa.gov/dbdata/wsup/graph/espgraph_hc.py?id=MLIC0,https://www.cnrfc.noaa.gov/ensembleProduct.php?prodID=7&id=MLIC0,-,,,MLIC0
California-Great Basin,San Joaquin Valley WSI -  (VNSC0),VNSC0,https://www.cbrfc.noaa.gov/dbdata/wsup/graph/espgraph_hc.py?id=VNSC0,https://www.cnrfc.noaa.gov/ensembleProduct.php?prodID=7&id=VNSC0,-,,,VNSC0
California-Great Basin,Sacramento Valley Wsi -  (SACC0),SACC0,https://www.cbrfc.noaa.gov/dbdata/wsup/graph/espgraph_hc.py?id=SACC0,https://www.cnrfc.noaa.gov/ensembleProduct.php?prodID=7&id=SACC0,-,,,SACC0
California-Great Basin,Mccloud - Mccloud - Nr (MMCC1),MMCC1,https://www.cbrfc.noaa.gov/dbdata/wsup/graph/espgraph_hc.py?id=MMCC1,https://www.cnrfc.noaa.gov/ensembleProduct.php?prodID=7&id=MMCC1,-,,,MMCC1
California-Great Basin,Kern R - Kernville (KRVC1),KRVC1,https://www.cbrfc.noaa.gov/dbdata/wsup/graph/espgraph_hc.py?id=KRVC1,https://www.cnrfc.noaa.gov/ensembleProduct.php?prodID=7&id=KRVC1,-,,,KRVC1
California-Great Basin,Ef Russian - Coyote Dam (LAMC1),LAMC1,https://www.cbrfc.noaa.gov/dbdata/wsup/graph/espgraph_hc.py?id=LAMC1,https://www.cnrfc.noaa.gov/ensembleProduct.php?prodID=7&id=LAMC1,-,,,LAMC1
California-Great Basin,Trinity - Coffee Ck - Ab (TCCC1),TCCC1,https://www.cbrfc.noaa.gov/dbdata/wsup/graph/espgraph_hc.py?id=TCCC1,https://www.cnrfc.noaa.gov/ensembleProduct.php?prodID=7&id=TCCC1,-,,,TCCC1
California-Great Basin,Williamson R - Klamath Agency (WKAO3),WKAO3,https://www.cbrfc.noaa.gov/dbdata/wsup/graph/espgraph_hc.py?id=WKAO3,https://www.cnrfc.noaa.gov/ensembleProduct.php?prodID=7&id=WKAO3,-,,,WKAO3
California-Great Basin,West Walker - Ltl Walker - Blo - Coleville - Nr (WWBC1),WWBC1,https://www.cbrfc.noaa.gov/dbdata/wsup/graph/espgraph_hc.py?id=WWBC1,https://www.cnrfc.noaa.gov/ensembleProduct.php?prodID=7&id=WWBC1,-,,,WWBC1
California-Great Basin,Sycan R Bl Snake Cr - Nr Beatty -  (SCNO3),SCNO3,https://www.cbrfc.noaa.gov/dbdata/wsup/graph/espgraph_hc.py?id=SCNO3,https://www.cnrfc.noaa.gov/ensembleProduct.php?prodID=7&id=SCNO3,-,,,SCNO3
California-Great Basin,Sprague - Chiloquin - Nr (CHSO3),CHSO3,https://www.cbrfc.noaa.gov/dbdata/wsup/graph/espgraph_hc.py?id=CHSO3,https://www.cnrfc.noaa.gov/ensembleProduct.php?prodID=7&id=CHSO3,-,,,CHSO3
California-Great Basin,Rubicon - Rockbound Tunnel - At - Meeks - Bay - Nr -  (RBBC1),RBBC1,https://www.cbrfc.noaa.gov/dbdata/wsup/graph/espgraph_hc.py?id=RBBC1,https://www.cnrfc.noaa.gov/ensembleProduct.php?prodID=7&id=RBBC1,-,,,RBBC1
California-Great Basin,Ice House Reservoir -  (ICHC1),ICHC1,https://www.cbrfc.noaa.gov/dbdata/wsup/graph/espgraph_hc.py?id=ICHC1,https://www.cnrfc.noaa.gov/ensembleProduct.php?prodID=7&id=ICHC1,-,,,ICHC1
California-Great Basin,Sf American - Placerville - Nr (CBAC1),CBAC1,https://www.cbrfc.noaa.gov/dbdata/wsup/graph/espgraph_hc.py?id=CBAC1,https://www.cnrfc.noaa.gov/ensembleProduct.php?prodID=7&id=CBAC1,-,,,CBAC1
California-Great Basin,Sf American - Kyburz - Nr (AKYC1),AKYC1,https://www.cbrfc.noaa.gov/dbdata/wsup/graph/espgraph_hc.py?id=AKYC1,https://www.cnrfc.noaa.gov/ensembleProduct.php?prodID=7&id=AKYC1,-,,,AKYC1
California-Great Basin,Sf Pit - Likely - Nr (PLYC1),PLYC1,https://www.cbrfc.noaa.gov/dbdata/wsup/graph/espgraph_hc.py?id=PLYC1,https://www.cnrfc.noaa.gov/ensembleProduct.php?prodID=7&id=PLYC1,-,,,PLYC1
California-Great Basin,Shasta - Yreka - Nr (YREC1),YREC1,https://www.cbrfc.noaa.gov/dbdata/wsup/graph/espgraph_hc.py?id=YREC1,https://www.cnrfc.noaa.gov/ensembleProduct.php?prodID=7&id=YREC1,-,,,YREC1
California-Great Basin,Sf Trinity - Hyampom - Bl (HYMC1),HYMC1,https://www.cbrfc.noaa.gov/dbdata/wsup/graph/espgraph_hc.py?id=HYMC1,https://www.cnrfc.noaa.gov/ensembleProduct.php?prodID=7&id=HYMC1,-,,,HYMC1
California-Great Basin,Salmon - Somes Bar (SBRC1),SBRC1,https://www.cbrfc.noaa.gov/dbdata/wsup/graph/espgraph_hc.py?id=SBRC1,https://www.cnrfc.noaa.gov/ensembleProduct.php?prodID=7&id=SBRC1,-,,,SBRC1
California-Great Basin,Wf Carson - Woodfords (WOOC1),WOOC1,https://www.cbrfc.noaa.gov/dbdata/wsup/graph/espgraph_hc.py?id=WOOC1,https://www.cnrfc.noaa.gov/ensembleProduct.php?prodID=7&id=WOOC1,-,,,WOOC1
California-Great Basin,Humboldt - Carlin - Nr (HRCN2),HRCN2,https://www.cbrfc.noaa.gov/dbdata/wsup/graph/espgraph_hc.py?id=HRCN2,https://www.cnrfc.noaa.gov/ensembleProduct.php?prodID=7&id=HRCN2,-,,,HRCN2
California-Great Basin,Carson - Carson City - Nr 5 SE (STWN2),STWN2,https://www.cbrfc.noaa.gov/dbdata/wsup/graph/espgraph_hc.py?id=STWN2,https://www.cnrfc.noaa.gov/ensembleProduct.php?prodID=7&id=STWN2,-,,,STWN2
California-Great Basin,Cosumnes - Michigan Bar (MHBC1),MHBC1,https://www.cbrfc.noaa.gov/dbdata/wsup/graph/espgraph_hc.py?id=MHBC1,https://www.cnrfc.noaa.gov/ensembleProduct.php?prodID=7&id=MHBC1,-,,,MHBC1
California-Great Basin,Stumpy Meadows Lake -  (SPYC1),SPYC1,https://www.cbrfc.noaa.gov/dbdata/wsup/graph/espgraph_hc.py?id=SPYC1,https://www.cnrfc.noaa.gov/ensembleProduct.php?prodID=7&id=SPYC1,-,,,SPYC1
California-Great Basin,American - Folsom Reservoir (FOLC1),FOLC1,https://www.cbrfc.noaa.gov/dbdata/wsup/graph/espgraph_hc.py?id=FOLC1,https://www.cnrfc.noaa.gov/ensembleProduct.php?prodID=7&id=FOLC1,-,,,FOLC1
California-Great Basin,Nf American - North Fork Dam (NFDC1),NFDC1,https://www.cbrfc.noaa.gov/dbdata/wsup/graph/espgraph_hc.py?id=NFDC1,https://www.cnrfc.noaa.gov/ensembleProduct.php?prodID=7&id=NFDC1,-,,,NFDC1
California-Great Basin,Silver Ck - Union Valley (UNVC1),UNVC1,https://www.cbrfc.noaa.gov/dbdata/wsup/graph/espgraph_hc.py?id=UNVC1,https://www.cnrfc.noaa.gov/ensembleProduct.php?prodID=7&id=UNVC1,-,,,UNVC1
California-Great Basin,Yuba - Englebright Reservoir (HLEC1),HLEC1,https://www.cbrfc.noaa.gov/dbdata/wsup/graph/espgraph_hc.py?id=HLEC1,https://www.cnrfc.noaa.gov/ensembleProduct.php?prodID=7&id=HLEC1,-,,,HLEC1
California-Great Basin,Ef Carson - Gardnerville - Nr 7 SE (GRDN2),GRDN2,https://www.cbrfc.noaa.gov/dbdata/wsup/graph/espgraph_hc.py?id=GRDN2,https://www.cnrfc.noaa.gov/ensembleProduct.php?prodID=7&id=GRDN2,-,,,GRDN2
California-Great Basin,Feather - Oroville Dam (ORDC1),ORDC1,https://www.cbrfc.noaa.gov/dbdata/wsup/graph/espgraph_hc.py?id=ORDC1,https://www.cnrfc.noaa.gov/ensembleProduct.php?prodID=7&id=ORDC1,-,,,ORDC1
California-Great Basin,N Yuba - New Bullards Bar Dam (NBBC1),NBBC1,https://www.cbrfc.noaa.gov/dbdata/wsup/graph/espgraph_hc.py?id=NBBC1,https://www.cnrfc.noaa.gov/ensembleProduct.php?prodID=7&id=NBBC1,-,,,NBBC1
California-Great Basin,Sacramento - Shasta Dam (SHDC1),SHDC1,https://www.cbrfc.noaa.gov/dbdata/wsup/graph/espgraph_hc.py?id=SHDC1,https://www.cnrfc.noaa.gov/ensembleProduct.php?prodID=7&id=SHDC1,-,,,SHDC1
California-Great Basin,Pit - Montgomery Ck - Nr (PITC1),PITC1,https://www.cbrfc.noaa.gov/dbdata/wsup/graph/espgraph_hc.py?id=PITC1,https://www.cnrfc.noaa.gov/ensembleProduct.php?prodID=7&id=PITC1,-,,,PITC1
California-Great Basin,Pit - Canby - Nr (CNBC1),CNBC1,https://www.cbrfc.noaa.gov/dbdata/wsup/graph/espgraph_hc.py?id=CNBC1,https://www.cnrfc.noaa.gov/ensembleProduct.php?prodID=7&id=CNBC1,-,,,CNBC1
California-Great Basin,Mccloud - Shasta Lk - Abv (MSSC1),MSSC1,https://www.cbrfc.noaa.gov/dbdata/wsup/graph/espgraph_hc.py?id=MSSC1,https://www.cnrfc.noaa.gov/ensembleProduct.php?prodID=7&id=MSSC1,-,,,MSSC1
California-Great Basin,Sacramento - Delta (DLTC1),DLTC1,https://www.cbrfc.noaa.gov/dbdata/wsup/graph/espgraph_hc.py?id=DLTC1,https://www.cnrfc.noaa.gov/ensembleProduct.php?prodID=7&id=DLTC1,-,,,DLTC1
California-Great Basin,Trinity R - Trinity Lake (CEGC1),CEGC1,https://www.cbrfc.noaa.gov/dbdata/wsup/graph/espgraph_hc.py?id=CEGC1,https://www.cnrfc.noaa.gov/ensembleProduct.php?prodID=7&id=CEGC1,-,,,CEGC1
California-Great Basin,Sprague - Beatty - At (BTYO3),BTYO3,https://www.cbrfc.noaa.gov/dbdata/wsup/graph/espgraph_hc.py?id=BTYO3,https://www.cnrfc.noaa.gov/ensembleProduct.php?prodID=7&id=BTYO3,-,,,BTYO3
California-Great Basin,Williamson - Sprague - Blo - Nr Chiloquin - Or (WMSO3),WMSO3,https://www.cbrfc.noaa.gov/dbdata/wsup/graph/espgraph_hc.py?id=WMSO3,https://www.cnrfc.noaa.gov/ensembleProduct.php?prodID=7&id=WMSO3,-,,,WMSO3
California-Great Basin,Mokelumne - Pardee Reservoir (CMPC1),CMPC1,https://www.cbrfc.noaa.gov/dbdata/wsup/graph/espgraph_hc.py?id=CMPC1,https://www.cnrfc.noaa.gov/ensembleProduct.php?prodID=7&id=CMPC1,-,,,CMPC1
California-Great Basin,Stanislaus - New Melones Dam (NMSC1),NMSC1,https://www.cbrfc.noaa.gov/dbdata/wsup/graph/espgraph_hc.py?id=NMSC1,https://www.cnrfc.noaa.gov/ensembleProduct.php?prodID=7&id=NMSC1,-,,,NMSC1
California-Great Basin,North Yuba - Goodyears Bar - Blo (GYRC1),GYRC1,https://www.cbrfc.noaa.gov/dbdata/wsup/graph/espgraph_hc.py?id=GYRC1,https://www.cnrfc.noaa.gov/ensembleProduct.php?prodID=7&id=GYRC1,-,,,GYRC1
California-Great Basin,Tuolumne - Hetch Hetchy - Nr (HETC1),HETC1,https://www.cbrfc.noaa.gov/dbdata/wsup/graph/espgraph_hc.py?id=HETC1,https://www.cnrfc.noaa.gov/ensembleProduct.php?prodID=7&id=HETC1,-,,,HETC1
California-Great Basin,Carson - Fort Churchill - Nr (FTCN2),FTCN2,https://www.cbrfc.noaa.gov/dbdata/wsup/graph/espgraph_hc.py?id=FTCN2,https://www.cnrfc.noaa.gov/ensembleProduct.php?prodID=7&id=FTCN2,-,,,FTCN2
California-Great Basin,Cherry Ck - Cherry Vly Dam (CHVC1),CHVC1,https://www.cbrfc.noaa.gov/dbdata/wsup/graph/espgraph_hc.py?id=CHVC1,https://www.cnrfc.noaa.gov/ensembleProduct.php?prodID=7&id=CHVC1,-,,,CHVC1
California-Great Basin,Lake Tahoe Inflow -  (TAHC1),TAHC1,https://www.cbrfc.noaa.gov/dbdata/wsup/graph/espgraph_hc.py?id=TAHC1,https://www.cnrfc.noaa.gov/ensembleProduct.php?prodID=7&id=TAHC1,-,,,TAHC1
California-Great Basin,Ltl Truckee - Boca Dam (BCAC1),BCAC1,https://www.cbrfc.noaa.gov/dbdata/wsup/graph/espgraph_hc.py?id=BCAC1,https://www.cnrfc.noaa.gov/ensembleProduct.php?prodID=7&id=BCAC1,-,,,BCAC1
California-Great Basin,Truckee - Farad (FARC1),FARC1,https://www.cbrfc.noaa.gov/dbdata/wsup/graph/espgraph_hc.py?id=FARC1,https://www.cnrfc.noaa.gov/ensembleProduct.php?prodID=7&id=FARC1,-,,,FARC1
California-Great Basin,Ltl Truckee - Stampede Dam (STPC1),STPC1,https://www.cbrfc.noaa.gov/dbdata/wsup/graph/espgraph_hc.py?id=STPC1,https://www.cnrfc.noaa.gov/ensembleProduct.php?prodID=7&id=STPC1,-,,,STPC1
California-Great Basin,Sagehen Ck - Truckee - Nr (SGNC1),SGNC1,https://www.cbrfc.noaa.gov/dbdata/wsup/graph/espgraph_hc.py?id=SGNC1,https://www.cnrfc.noaa.gov/ensembleProduct.php?prodID=7&id=SGNC1,-,,,SGNC1
California-Great Basin,Prosser Ck - Prosser Ck Dam (PSRC1),PSRC1,https://www.cbrfc.noaa.gov/dbdata/wsup/graph/espgraph_hc.py?id=PSRC1,https://www.cnrfc.noaa.gov/ensembleProduct.php?prodID=7&id=PSRC1,-,,,PSRC1
California-Great Basin,Kern - Isabella Dam - Blo (ISAC1),ISAC1,https://www.cbrfc.noaa.gov/dbdata/wsup/graph/espgraph_hc.py?id=ISAC1,https://www.cnrfc.noaa.gov/ensembleProduct.php?prodID=7&id=ISAC1,-,,,ISAC1
California-Great Basin,Truckee - Truckee - Nr (TRCC1),TRCC1,https://www.cbrfc.noaa.gov/dbdata/wsup/graph/espgraph_hc.py?id=TRCC1,https://www.cnrfc.noaa.gov/ensembleProduct.php?prodID=7&id=TRCC1,-,,,TRCC1
California-Great Basin,Kaweah - Terminus Dam (TMDC1),TMDC1,https://www.cbrfc.noaa.gov/dbdata/wsup/graph/espgraph_hc.py?id=TMDC1,https://www.cnrfc.noaa.gov/ensembleProduct.php?prodID=7&id=TMDC1,-,,,TMDC1
California-Great Basin,Tule - Success Dam (SCSC1),SCSC1,https://www.cbrfc.noaa.gov/dbdata/wsup/graph/espgraph_hc.py?id=SCSC1,https://www.cnrfc.noaa.gov/ensembleProduct.php?prodID=7&id=SCSC1,-,,,SCSC1
California-Great Basin,Tuolumne - La Grange - Nr (NDPC1),NDPC1,https://www.cbrfc.noaa.gov/dbdata/wsup/graph/espgraph_hc.py?id=NDPC1,https://www.cnrfc.noaa.gov/ensembleProduct.php?prodID=7&id=NDPC1,-,,,NDPC1
California-Great Basin,Merced - Happy Isles Br - Yosemite - Nr (HPIC1),HPIC1,https://www.cbrfc.noaa.gov/dbdata/wsup/graph/espgraph_hc.py?id=HPIC1,https://www.cnrfc.noaa.gov/ensembleProduct.php?prodID=7&id=HPIC1,-,,,HPIC1
California-Great Basin,Merced - Pohono Bridge - At - Yosemite - Nr (POHC1),POHC1,https://www.cbrfc.noaa.gov/dbdata/wsup/graph/espgraph_hc.py?id=POHC1,https://www.cnrfc.noaa.gov/ensembleProduct.php?prodID=7&id=POHC1,-,,,POHC1
California-Great Basin,SALMON FALLS CREEK - NR SAN JACINTO,SFLN2,https://www.nwrfc.noaa.gov/water_supply/ws_boxplot.php?_jpg_csimd=1&start_month=APR&end_month=SEP&fcst_method=ESP10&overlay=4&image_only=1&fit=0&show_min_max=0&id=SFLN2&water_year=2026,https://www.nwrfc.noaa.gov/water_supply/ws_forecasts.php?id=SFLN2,-,,,SFLN2
California-Great Basin,San Joaquin - Millerton Lk (FRAC1),FRAC1,https://www.cbrfc.noaa.gov/dbdata/wsup/graph/espgraph_hc.py?id=FRAC1,https://www.cnrfc.noaa.gov/ensembleProduct.php?prodID=7&id=FRAC1,-,,,FRAC1
California-Great Basin,Kings - Pine Flat Dam - Blo (PFTC1),PFTC1,https://www.cbrfc.noaa.gov/dbdata/wsup/graph/espgraph_hc.py?id=PFTC1,https://www.cnrfc.noaa.gov/ensembleProduct.php?prodID=7&id=PFTC1,-,,,PFTC1
California-Great Basin,Merced - Merced Falls - Blo (EXQC1),EXQC1,https://www.cbrfc.noaa.gov/dbdata/wsup/graph/espgraph_hc.py?id=EXQC1,https://www.cnrfc.noaa.gov/ensembleProduct.php?prodID=7&id=EXQC1,-,,,EXQC1
Columbia-Pacific Northwest,SILVIES - NEAR BURNS,BUSO3,https://www.nwrfc.noaa.gov/water_supply/ws_boxplot.php?_jpg_csimd=1&start_month=APR&end_month=SEP&fcst_method=ESP10&overlay=4&image_only=1&fit=0&show_min_max=0&id=BUSO3&water_year=2026,https://www.nwrfc.noaa.gov/water_supply/ws_forecasts.php?id=BUSO3,-,,,BUSO3
Columbia-Pacific Northwest,KOOTENAI - AT BONNERS FERRY,BFEI1,https://www.nwrfc.noaa.gov/water_supply/ws_boxplot.php?_jpg_csimd=1&start_month=APR&end_month=SEP&fcst_method=ESP10&overlay=4&image_only=1&fit=0&show_min_max=0&id=BFEI1&water_year=2026,https://www.nwrfc.noaa.gov/water_supply/ws_forecasts.php?id=BFEI1,-,,,BFEI1
Columbia-Pacific Northwest,BUMPING - BELOW BUMPING DAM,BUMW1,https://www.nwrfc.noaa.gov/water_supply/ws_boxplot.php?_jpg_csimd=1&start_month=APR&end_month=SEP&fcst_method=ESP10&overlay=4&image_only=1&fit=0&show_min_max=0&id=BUMW1&water_year=2026,https://www.nwrfc.noaa.gov/water_supply/ws_forecasts.php?id=BUMW1,-,,,BUMW1
Columbia-Pacific Northwest,SNAKE - BROWNLEE DAM,BRNI1,https://www.nwrfc.noaa.gov/water_supply/ws_boxplot.php?_jpg_csimd=1&start_month=APR&end_month=SEP&fcst_method=ESP10&overlay=4&image_only=1&fit=0&show_min_max=0&id=BRNI1&water_year=2026,https://www.nwrfc.noaa.gov/water_supply/ws_forecasts.php?id=BRNI1,-,,,BRNI1
Columbia-Pacific Northwest,COLUMBIA - BONNEVILLE DAM,BONO3,https://www.nwrfc.noaa.gov/water_supply/ws_boxplot.php?_jpg_csimd=1&start_month=APR&end_month=SEP&fcst_method=ESP10&overlay=4&image_only=1&fit=0&show_min_max=0&id=BONO3&water_year=2026,https://www.nwrfc.noaa.gov/water_supply/ws_forecasts.php?id=BONO3,-,,,BONO3
Columbia-Pacific Northwest,BLACKFOOT - NEAR BONNER,BONM8,https://www.nwrfc.noaa.gov/water_supply/ws_boxplot.php?_jpg_csimd=1&start_month=APR&end_month=SEP&fcst_method=ESP10&overlay=4&image_only=1&fit=0&show_min_max=0&id=BONM8&water_year=2026,https://www.nwrfc.noaa.gov/water_supply/ws_forecasts.php?id=BONM8,-,,,BONM8
Columbia-Pacific Northwest,BITTERROOT - NEAR MISSOULA,BITM8,https://www.nwrfc.noaa.gov/water_supply/ws_boxplot.php?_jpg_csimd=1&start_month=APR&end_month=SEP&fcst_method=ESP10&overlay=4&image_only=1&fit=0&show_min_max=0&id=BITM8&water_year=2026,https://www.nwrfc.noaa.gov/water_supply/ws_forecasts.php?id=BITM8,-,,,BITM8
Columbia-Pacific Northwest,NF MALHEUR - AT BEULAH,BEUO3,https://www.nwrfc.noaa.gov/water_supply/ws_boxplot.php?_jpg_csimd=1&start_month=APR&end_month=SEP&fcst_method=ESP10&overlay=4&image_only=1&fit=0&show_min_max=0&id=BEUO3&water_year=2026,https://www.nwrfc.noaa.gov/water_supply/ws_forecasts.php?id=BEUO3,-,,,BEUO3
Columbia-Pacific Northwest,SNAKE - AT AMERICAN FALLS DAM,AMFI1,https://www.nwrfc.noaa.gov/water_supply/ws_boxplot.php?_jpg_csimd=1&start_month=APR&end_month=SEP&fcst_method=ESP10&overlay=4&image_only=1&fit=0&show_min_max=0&id=AMFI1&water_year=2026,https://www.nwrfc.noaa.gov/water_supply/ws_forecasts.php?id=AMFI1,-,,,AMFI1
Columbia-Pacific Northwest,SF BOISE - ANDERSON RANCH DAM,ARAI1,https://www.nwrfc.noaa.gov/water_supply/ws_boxplot.php?_jpg_csimd=1&start_month=APR&end_month=SEP&fcst_method=ESP10&overlay=4&image_only=1&fit=0&show_min_max=0&id=ARAI1&water_year=2026,https://www.nwrfc.noaa.gov/water_supply/ws_forecasts.php?id=ARAI1,-,,,ARAI1
Columbia-Pacific Northwest,HENRYS FORK - AT ST. ANTHONY,ANTI1,https://www.nwrfc.noaa.gov/water_supply/ws_boxplot.php?_jpg_csimd=1&start_month=APR&end_month=SEP&fcst_method=ESP10&overlay=4&image_only=1&fit=0&show_min_max=0&id=ANTI1&water_year=2026,https://www.nwrfc.noaa.gov/water_supply/ws_forecasts.php?id=ANTI1,-,,,ANTI1
Columbia-Pacific Northwest,PEND OREILLE - ALBENI FALLS DAM,ALFW1,https://www.nwrfc.noaa.gov/water_supply/ws_boxplot.php?_jpg_csimd=1&start_month=APR&end_month=SEP&fcst_method=ESP10&overlay=4&image_only=1&fit=0&show_min_max=0&id=ALFW1&water_year=2026,https://www.nwrfc.noaa.gov/water_supply/ws_forecasts.php?id=ALFW1,-,,,ALFW1
Columbia-Pacific Northwest,CLARK FORK - ABOVE MISSOULA,ABOM8,https://www.nwrfc.noaa.gov/water_supply/ws_boxplot.php?_jpg_csimd=1&start_month=APR&end_month=SEP&fcst_method=ESP10&overlay=4&image_only=1&fit=0&show_min_max=0&id=ABOM8&water_year=2026,https://www.nwrfc.noaa.gov/water_supply/ws_forecasts.php?id=ABOM8,-,,,ABOM8
Columbia-Pacific Northwest,CLARK FORK - ABOVE BLACKFOOT,ABBM8,https://www.nwrfc.noaa.gov/water_supply/ws_boxplot.php?_jpg_csimd=1&start_month=APR&end_month=SEP&fcst_method=ESP10&overlay=4&image_only=1&fit=0&show_min_max=0&id=ABBM8&water_year=2026,https://www.nwrfc.noaa.gov/water_supply/ws_forecasts.php?id=ABBM8,-,,,ABBM8
Columbia-Pacific Northwest,Bear - Stewart Dam,STDI1,https://www.cbrfc.noaa.gov/dbdata/wsup/graph/espgraph_hc.py?id=STDI1,http://www.cbrfc.noaa.gov/wsup/graph/espgraph_hc.html?id=STDI1,BEAR,SL,BR,STDI1
Columbia-Pacific Northwest,WEISER - NEAR WEISER,WSRI1,https://www.nwrfc.noaa.gov/water_supply/ws_boxplot.php?_jpg_csimd=1&start_month=APR&end_month=SEP&fcst_method=ESP10&overlay=4&image_only=1&fit=0&show_min_max=0&id=WSRI1&water_year=2026,https://www.nwrfc.noaa.gov/water_supply/ws_forecasts.php?id=WSRI1,-,,,WSRI1
Columbia-Pacific Northwest,CLARK FORK - BELOW MISSOULA,BELM8,https://www.nwrfc.noaa.gov/water_supply/ws_boxplot.php?_jpg_csimd=1&start_month=APR&end_month=SEP&fcst_method=ESP10&overlay=4&image_only=1&fit=0&show_min_max=0&id=BELM8&water_year=2026,https://www.nwrfc.noaa.gov/water_supply/ws_forecasts.php?id=BELM8,-,,,BELM8
Columbia-Pacific Northwest,COWLITZ - AT CASTLE ROCK,CASW1,https://www.nwrfc.noaa.gov/water_supply/ws_boxplot.php?_jpg_csimd=1&start_month=APR&end_month=SEP&fcst_method=ESP10&overlay=4&image_only=1&fit=0&show_min_max=0&id=CASW1&water_year=2026,https://www.nwrfc.noaa.gov/water_supply/ws_forecasts.php?id=CASW1,-,,,CASW1
Columbia-Pacific Northwest,SOUTH SANTIAM - AT WATERLOO,WTLO3,https://www.nwrfc.noaa.gov/water_supply/ws_boxplot.php?_jpg_csimd=1&start_month=APR&end_month=SEP&fcst_method=ESP10&overlay=4&image_only=1&fit=0&show_min_max=0&id=WTLO3&water_year=2026,https://www.nwrfc.noaa.gov/water_supply/ws_forecasts.php?id=WTLO3,-,,,WTLO3
Columbia-Pacific Northwest,CHELAN - LAKE CHELAN DAM,CHDW1,https://www.nwrfc.noaa.gov/water_supply/ws_boxplot.php?_jpg_csimd=1&start_month=APR&end_month=SEP&fcst_method=ESP10&overlay=4&image_only=1&fit=0&show_min_max=0&id=CHDW1&water_year=2026,https://www.nwrfc.noaa.gov/water_supply/ws_forecasts.php?id=CHDW1,-,,,CHDW1
Columbia-Pacific Northwest,PRIEST - NEAR PRIEST RIVER,PRTI1,https://www.nwrfc.noaa.gov/water_supply/ws_boxplot.php?_jpg_csimd=1&start_month=APR&end_month=SEP&fcst_method=ESP10&overlay=4&image_only=1&fit=0&show_min_max=0&id=PRTI1&water_year=2026,https://www.nwrfc.noaa.gov/water_supply/ws_forecasts.php?id=PRTI1,-,,,PRTI1
Columbia-Pacific Northwest,COLUMBIA - BLO PRIEST RAPIDS DAM,PRDW1,https://www.nwrfc.noaa.gov/water_supply/ws_boxplot.php?_jpg_csimd=1&start_month=APR&end_month=SEP&fcst_method=ESP10&overlay=4&image_only=1&fit=0&show_min_max=0&id=PRDW1&water_year=2026,https://www.nwrfc.noaa.gov/water_supply/ws_forecasts.php?id=PRDW1,-,,,PRDW1
Columbia-Pacific Northwest,CLARK FORK - NEAR PLAINS,PLNM8,https://www.nwrfc.noaa.gov/water_supply/ws_boxplot.php?_jpg_csimd=1&start_month=APR&end_month=SEP&fcst_method=ESP10&overlay=4&image_only=1&fit=0&show_min_max=0&id=PLNM8&water_year=2026,https://www.nwrfc.noaa.gov/water_supply/ws_forecasts.php?id=PLNM8,-,,,PLNM8
Columbia-Pacific Northwest,WENATCHEE - AT PESHASTIN,PESW1,https://www.nwrfc.noaa.gov/water_supply/ws_boxplot.php?_jpg_csimd=1&start_month=APR&end_month=SEP&fcst_method=ESP10&overlay=4&image_only=1&fit=0&show_min_max=0&id=PESW1&water_year=2026,https://www.nwrfc.noaa.gov/water_supply/ws_forecasts.php?id=PESW1,-,,,PESW1
Columbia-Pacific Northwest,UMATILLA - AT PENDLETON,PDTO3,https://www.nwrfc.noaa.gov/water_supply/ws_boxplot.php?_jpg_csimd=1&start_month=APR&end_month=SEP&fcst_method=ESP10&overlay=4&image_only=1&fit=0&show_min_max=0&id=PDTO3&water_year=2026,https://www.nwrfc.noaa.gov/water_supply/ws_forecasts.php?id=PDTO3,-,,,PDTO3
Columbia-Pacific Northwest,METHOW - NEAR PATEROS,PATW1,https://www.nwrfc.noaa.gov/water_supply/ws_boxplot.php?_jpg_csimd=1&start_month=APR&end_month=SEP&fcst_method=ESP10&overlay=4&image_only=1&fit=0&show_min_max=0&id=PATW1&water_year=2026,https://www.nwrfc.noaa.gov/water_supply/ws_forecasts.php?id=PATW1,-,,,PATW1
Columbia-Pacific Northwest,YAKIMA - NEAR PARKER,PARW1,https://www.nwrfc.noaa.gov/water_supply/ws_boxplot.php?_jpg_csimd=1&start_month=APR&end_month=SEP&fcst_method=ESP10&overlay=4&image_only=1&fit=0&show_min_max=0&id=PARW1&water_year=2026,https://www.nwrfc.noaa.gov/water_supply/ws_forecasts.php?id=PARW1,-,,,PARW1
Columbia-Pacific Northwest,BOISE - NEAR PARMA,PARI1,https://www.nwrfc.noaa.gov/water_supply/ws_boxplot.php?_jpg_csimd=1&start_month=APR&end_month=SEP&fcst_method=ESP10&overlay=4&image_only=1&fit=0&show_min_max=0&id=PARI1&water_year=2026,https://www.nwrfc.noaa.gov/water_supply/ws_forecasts.php?id=PARI1,-,,,PARI1
Columbia-Pacific Northwest,SNAKE - NEAR IRWIN,PALI1,https://www.nwrfc.noaa.gov/water_supply/ws_boxplot.php?_jpg_csimd=1&start_month=APR&end_month=SEP&fcst_method=ESP10&overlay=4&image_only=1&fit=0&show_min_max=0&id=PALI1&water_year=2026,https://www.nwrfc.noaa.gov/water_supply/ws_forecasts.php?id=PALI1,-,,,PALI1
Columbia-Pacific Northwest,OWYHEE - OWYHEE DAM,OWYO3,https://www.nwrfc.noaa.gov/water_supply/ws_boxplot.php?_jpg_csimd=1&start_month=APR&end_month=SEP&fcst_method=ESP10&overlay=4&image_only=1&fit=0&show_min_max=0&id=OWYO3&water_year=2026,https://www.nwrfc.noaa.gov/water_supply/ws_forecasts.php?id=OWYO3,-,,,OWYO3
Columbia-Pacific Northwest,CLEARWATER - AT OROFINO,ORFI1,https://www.nwrfc.noaa.gov/water_supply/ws_boxplot.php?_jpg_csimd=1&start_month=APR&end_month=SEP&fcst_method=ESP10&overlay=4&image_only=1&fit=0&show_min_max=0&id=ORFI1&water_year=2026,https://www.nwrfc.noaa.gov/water_supply/ws_forecasts.php?id=ORFI1,-,,,ORFI1
Columbia-Pacific Northwest,SIMILKAMEEN - NEAR NIGHTHAWK,NITW1,https://www.nwrfc.noaa.gov/water_supply/ws_boxplot.php?_jpg_csimd=1&start_month=APR&end_month=SEP&fcst_method=ESP10&overlay=4&image_only=1&fit=0&show_min_max=0&id=NITW1&water_year=2026,https://www.nwrfc.noaa.gov/water_supply/ws_forecasts.php?id=NITW1,-,,,NITW1
Columbia-Pacific Northwest,NACHES - NEAR NACHES,NACW1,https://www.nwrfc.noaa.gov/water_supply/ws_boxplot.php?_jpg_csimd=1&start_month=APR&end_month=SEP&fcst_method=ESP10&overlay=4&image_only=1&fit=0&show_min_max=0&id=NACW1&water_year=2026,https://www.nwrfc.noaa.gov/water_supply/ws_forecasts.php?id=NACW1,-,,,NACW1
Columbia-Pacific Northwest,COWLITZ - MAYFIELD RESERVOIR,MYDW1,https://www.nwrfc.noaa.gov/water_supply/ws_boxplot.php?_jpg_csimd=1&start_month=APR&end_month=SEP&fcst_method=ESP10&overlay=4&image_only=1&fit=0&show_min_max=0&id=MYDW1&water_year=2026,https://www.nwrfc.noaa.gov/water_supply/ws_forecasts.php?id=MYDW1,-,,,MYDW1
Columbia-Pacific Northwest,NF JOHN DAY - AT MONUMENT,MONO3,https://www.nwrfc.noaa.gov/water_supply/ws_boxplot.php?_jpg_csimd=1&start_month=APR&end_month=SEP&fcst_method=ESP10&overlay=4&image_only=1&fit=0&show_min_max=0&id=MONO3&water_year=2026,https://www.nwrfc.noaa.gov/water_supply/ws_forecasts.php?id=MONO3,-,,,MONO3
Columbia-Pacific Northwest,DESCHUTES - AT MOODY NR BIGGS,MODO3,https://www.nwrfc.noaa.gov/water_supply/ws_boxplot.php?_jpg_csimd=1&start_month=APR&end_month=SEP&fcst_method=ESP10&overlay=4&image_only=1&fit=0&show_min_max=0&id=MODO3&water_year=2026,https://www.nwrfc.noaa.gov/water_supply/ws_forecasts.php?id=MODO3,-,,,MODO3
Columbia-Pacific Northwest,LEWIS - MERWIN DAM,MEWW1,https://www.nwrfc.noaa.gov/water_supply/ws_boxplot.php?_jpg_csimd=1&start_month=APR&end_month=SEP&fcst_method=ESP10&overlay=4&image_only=1&fit=0&show_min_max=0&id=MEWW1&water_year=2026,https://www.nwrfc.noaa.gov/water_supply/ws_forecasts.php?id=MEWW1,-,,,MEWW1
Columbia-Pacific Northwest,NORTH SANTIAM - AT MEHAMA,MEHO3,https://www.nwrfc.noaa.gov/water_supply/ws_boxplot.php?_jpg_csimd=1&start_month=APR&end_month=SEP&fcst_method=ESP10&overlay=4&image_only=1&fit=0&show_min_max=0&id=MEHO3&water_year=2026,https://www.nwrfc.noaa.gov/water_supply/ws_forecasts.php?id=MEHO3,-,,,MEHO3
Columbia-Pacific Northwest,COLUMBIA - MCNARY DAM,MCDW1,https://www.nwrfc.noaa.gov/water_supply/ws_boxplot.php?_jpg_csimd=1&start_month=APR&end_month=SEP&fcst_method=ESP10&overlay=4&image_only=1&fit=0&show_min_max=0&id=MCDW1&water_year=2026,https://www.nwrfc.noaa.gov/water_supply/ws_forecasts.php?id=MCDW1,-,,,MCDW1
Columbia-Pacific Northwest,BIG WOOD - MAGIC DAM,MAGI1,https://www.nwrfc.noaa.gov/water_supply/ws_boxplot.php?_jpg_csimd=1&start_month=APR&end_month=SEP&fcst_method=ESP10&overlay=4&image_only=1&fit=0&show_min_max=0&id=MAGI1&water_year=2026,https://www.nwrfc.noaa.gov/water_supply/ws_forecasts.php?id=MAGI1,-,,,MAGI1
Columbia-Pacific Northwest,MALHEUR - NEAR DREWSEY,MADO3,https://www.nwrfc.noaa.gov/water_supply/ws_boxplot.php?_jpg_csimd=1&start_month=APR&end_month=SEP&fcst_method=ESP10&overlay=4&image_only=1&fit=0&show_min_max=0&id=MADO3&water_year=2026,https://www.nwrfc.noaa.gov/water_supply/ws_forecasts.php?id=MADO3,-,,,MADO3
Columbia-Pacific Northwest,HENRYS FORK - AT REXBURG,REXI1,https://www.nwrfc.noaa.gov/water_supply/ws_boxplot.php?_jpg_csimd=1&start_month=APR&end_month=SEP&fcst_method=ESP10&overlay=4&image_only=1&fit=0&show_min_max=0&id=REXI1&water_year=2026,https://www.nwrfc.noaa.gov/water_supply/ws_forecasts.php?id=REXI1,-,,,REXI1
Columbia-Pacific Northwest,TIETON - AT TIETON DAM,RIMW1,https://www.nwrfc.noaa.gov/water_supply/ws_boxplot.php?_jpg_csimd=1&start_month=APR&end_month=SEP&fcst_method=ESP10&overlay=4&image_only=1&fit=0&show_min_max=0&id=RIMW1&water_year=2026,https://www.nwrfc.noaa.gov/water_supply/ws_forecasts.php?id=RIMW1,-,,,RIMW1
Columbia-Pacific Northwest,WILLOW CREEK - NEAR RIRIE,RIRI1,https://www.nwrfc.noaa.gov/water_supply/ws_boxplot.php?_jpg_csimd=1&start_month=APR&end_month=SEP&fcst_method=ESP10&overlay=4&image_only=1&fit=0&show_min_max=0&id=RIRI1&water_year=2026,https://www.nwrfc.noaa.gov/water_supply/ws_forecasts.php?id=RIRI1,-,,,RIRI1
Columbia-Pacific Northwest,COLUMBIA - BLO ROCK ISLAND DAM,RISW1,https://www.nwrfc.noaa.gov/water_supply/ws_boxplot.php?_jpg_csimd=1&start_month=APR&end_month=SEP&fcst_method=ESP10&overlay=4&image_only=1&fit=0&show_min_max=0&id=RISW1&water_year=2026,https://www.nwrfc.noaa.gov/water_supply/ws_forecasts.php?id=RISW1,-,,,RISW1
Columbia-Pacific Northwest,LITTLE WOOD - NEAR CAREY,WODI1,https://www.nwrfc.noaa.gov/water_supply/ws_boxplot.php?_jpg_csimd=1&start_month=APR&end_month=SEP&fcst_method=ESP10&overlay=4&image_only=1&fit=0&show_min_max=0&id=WODI1&water_year=2026,https://www.nwrfc.noaa.gov/water_supply/ws_forecasts.php?id=WODI1,-,,,WODI1
Columbia-Pacific Northwest,SALMON - AT WHITEBIRD,WHBI1,https://www.nwrfc.noaa.gov/water_supply/ws_boxplot.php?_jpg_csimd=1&start_month=APR&end_month=SEP&fcst_method=ESP10&overlay=4&image_only=1&fit=0&show_min_max=0&id=WHBI1&water_year=2026,https://www.nwrfc.noaa.gov/water_supply/ws_forecasts.php?id=WHBI1,-,,,WHBI1
Columbia-Pacific Northwest,MF FLATHEAD - NEAR WEST GLACIER,WGCM8,https://www.nwrfc.noaa.gov/water_supply/ws_boxplot.php?_jpg_csimd=1&start_month=APR&end_month=SEP&fcst_method=ESP10&overlay=4&image_only=1&fit=0&show_min_max=0&id=WGCM8&water_year=2026,https://www.nwrfc.noaa.gov/water_supply/ws_forecasts.php?id=WGCM8,-,,,WGCM8
Columbia-Pacific Northwest,SNAKE - AT WEISER,WEII1,https://www.nwrfc.noaa.gov/water_supply/ws_boxplot.php?_jpg_csimd=1&start_month=APR&end_month=SEP&fcst_method=ESP10&overlay=4&image_only=1&fit=0&show_min_max=0&id=WEII1&water_year=2026,https://www.nwrfc.noaa.gov/water_supply/ws_forecasts.php?id=WEII1,-,,,WEII1
Columbia-Pacific Northwest,MCKENZIE - NEAR VIDA,VIDO3,https://www.nwrfc.noaa.gov/water_supply/ws_boxplot.php?_jpg_csimd=1&start_month=APR&end_month=SEP&fcst_method=ESP10&overlay=4&image_only=1&fit=0&show_min_max=0&id=VIDO3&water_year=2026,https://www.nwrfc.noaa.gov/water_supply/ws_forecasts.php?id=VIDO3,-,,,VIDO3
Columbia-Pacific Northwest,BURNT - Unity Dam & Burnt RVR NR Hereford,UNYO3,https://www.nwrfc.noaa.gov/water_supply/ws_boxplot.php?_jpg_csimd=1&start_month=APR&end_month=SEP&fcst_method=ESP10&overlay=4&image_only=1&fit=0&show_min_max=0&id=UNYO3&water_year=2026,https://www.nwrfc.noaa.gov/water_supply/ws_forecasts.php?id=UNYO3,-,,,UNYO3
Columbia-Pacific Northwest,GRANDE RONDE - TROY,TRYO3,https://www.nwrfc.noaa.gov/water_supply/ws_boxplot.php?_jpg_csimd=1&start_month=APR&end_month=SEP&fcst_method=ESP10&overlay=4&image_only=1&fit=0&show_min_max=0&id=TRYO3&water_year=2026,https://www.nwrfc.noaa.gov/water_supply/ws_forecasts.php?id=TRYO3,-,,,TRYO3
Columbia-Pacific Northwest,PORTNEUF - AT TOPAZ,TOPI1,https://www.nwrfc.noaa.gov/water_supply/ws_boxplot.php?_jpg_csimd=1&start_month=APR&end_month=SEP&fcst_method=ESP10&overlay=4&image_only=1&fit=0&show_min_max=0&id=TOPI1&water_year=2026,https://www.nwrfc.noaa.gov/water_supply/ws_forecasts.php?id=TOPI1,-,,,TOPI1
Columbia-Pacific Northwest,OKANOGAN - NEAR TONASKET,TONW1,https://www.nwrfc.noaa.gov/water_supply/ws_boxplot.php?_jpg_csimd=1&start_month=APR&end_month=SEP&fcst_method=ESP10&overlay=4&image_only=1&fit=0&show_min_max=0&id=TONW1&water_year=2026,https://www.nwrfc.noaa.gov/water_supply/ws_forecasts.php?id=TONW1,-,,,TONW1
Columbia-Pacific Northwest,TETON - NEAR ST. ANTHONY,TEAI1,https://www.nwrfc.noaa.gov/water_supply/ws_boxplot.php?_jpg_csimd=1&start_month=APR&end_month=SEP&fcst_method=ESP10&overlay=4&image_only=1&fit=0&show_min_max=0&id=TEAI1&water_year=2026,https://www.nwrfc.noaa.gov/water_supply/ws_forecasts.php?id=TEAI1,-,,,TEAI1
Columbia-Pacific Northwest,FLATHEAD - AT COLUMBIA FALLS,CFMM8,https://www.nwrfc.noaa.gov/water_supply/ws_boxplot.php?_jpg_csimd=1&start_month=APR&end_month=SEP&fcst_method=ESP10&overlay=4&image_only=1&fit=0&show_min_max=0&id=CFMM8&water_year=2026,https://www.nwrfc.noaa.gov/water_supply/ws_forecasts.php?id=CFMM8,-,,,CFMM8
Columbia-Pacific Northwest,COLUMBIA - THE DALLES DAM,TDAO3,https://www.nwrfc.noaa.gov/water_supply/ws_boxplot.php?_jpg_csimd=1&start_month=APR&end_month=SEP&fcst_method=ESP10&overlay=4&image_only=1&fit=0&show_min_max=0&id=TDAO3&water_year=2026,https://www.nwrfc.noaa.gov/water_supply/ws_forecasts.php?id=TDAO3,-,,,TDAO3
Columbia-Pacific Northwest,STEHEKIN - AT STEHEKIN,STHW1,https://www.nwrfc.noaa.gov/water_supply/ws_boxplot.php?_jpg_csimd=1&start_month=APR&end_month=SEP&fcst_method=ESP10&overlay=4&image_only=1&fit=0&show_min_max=0&id=STHW1&water_year=2026,https://www.nwrfc.noaa.gov/water_supply/ws_forecasts.php?id=STHW1,-,,,STHW1
Columbia-Pacific Northwest,CLARK FORK - AT ST REGIS,SRGM8,https://www.nwrfc.noaa.gov/water_supply/ws_boxplot.php?_jpg_csimd=1&start_month=APR&end_month=SEP&fcst_method=ESP10&overlay=4&image_only=1&fit=0&show_min_max=0&id=SRGM8&water_year=2026,https://www.nwrfc.noaa.gov/water_supply/ws_forecasts.php?id=SRGM8,-,,,SRGM8
Columbia-Pacific Northwest,SPOKANE - AT SPOKANE,SPOW1,https://www.nwrfc.noaa.gov/water_supply/ws_boxplot.php?_jpg_csimd=1&start_month=APR&end_month=SEP&fcst_method=ESP10&overlay=4&image_only=1&fit=0&show_min_max=0&id=SPOW1&water_year=2026,https://www.nwrfc.noaa.gov/water_supply/ws_forecasts.php?id=SPOW1,-,,,SPOW1
Columbia-Pacific Northwest,CLEARWATER - AT SPALDING,SPDI1,https://www.nwrfc.noaa.gov/water_supply/ws_boxplot.php?_jpg_csimd=1&start_month=APR&end_month=SEP&fcst_method=ESP10&overlay=4&image_only=1&fit=0&show_min_max=0&id=SPDI1&water_year=2026,https://www.nwrfc.noaa.gov/water_supply/ws_forecasts.php?id=SPDI1,-,,,SPDI1
Columbia-Pacific Northwest,SALMON - AT SALMON,SMNI1,https://www.nwrfc.noaa.gov/water_supply/ws_boxplot.php?_jpg_csimd=1&start_month=APR&end_month=SEP&fcst_method=ESP10&overlay=4&image_only=1&fit=0&show_min_max=0&id=SMNI1&water_year=2026,https://www.nwrfc.noaa.gov/water_supply/ws_forecasts.php?id=SMNI1,-,,,SMNI1
Columbia-Pacific Northwest,WILLAMETTE - AT SALEM,SLMO3,https://www.nwrfc.noaa.gov/water_supply/ws_boxplot.php?_jpg_csimd=1&start_month=APR&end_month=SEP&fcst_method=ESP10&overlay=4&image_only=1&fit=0&show_min_max=0&id=SLMO3&water_year=2026,https://www.nwrfc.noaa.gov/water_supply/ws_forecasts.php?id=SLMO3,-,,,SLMO3
Columbia-Pacific Northwest,SNAKE - AT KING HILL,SKHI1,https://www.nwrfc.noaa.gov/water_supply/ws_boxplot.php?_jpg_csimd=1&start_month=APR&end_month=SEP&fcst_method=ESP10&overlay=4&image_only=1&fit=0&show_min_max=0&id=SKHI1&water_year=2026,https://www.nwrfc.noaa.gov/water_supply/ws_forecasts.php?id=SKHI1,-,,,SKHI1
Columbia-Pacific Northwest,SNAKE - NEAR SHELLEY,SHYI1,https://www.nwrfc.noaa.gov/water_supply/ws_boxplot.php?_jpg_csimd=1&start_month=APR&end_month=SEP&fcst_method=ESP10&overlay=4&image_only=1&fit=0&show_min_max=0&id=SHYI1&water_year=2026,https://www.nwrfc.noaa.gov/water_supply/ws_forecasts.php?id=SHYI1,-,,,SHYI1
Columbia-Pacific Northwest,JOHN DAY - AT SERVICE CK,SERO3,https://www.nwrfc.noaa.gov/water_supply/ws_boxplot.php?_jpg_csimd=1&start_month=APR&end_month=SEP&fcst_method=ESP10&overlay=4&image_only=1&fit=0&show_min_max=0&id=SERO3&water_year=2026,https://www.nwrfc.noaa.gov/water_supply/ws_forecasts.php?id=SERO3,-,,,SERO3
Columbia-Pacific Northwest,ROGUE - AT RAYGOLD,RYGO3,https://www.nwrfc.noaa.gov/water_supply/ws_boxplot.php?_jpg_csimd=1&start_month=APR&end_month=SEP&fcst_method=ESP10&overlay=4&image_only=1&fit=0&show_min_max=0&id=RYGO3&water_year=2026,https://www.nwrfc.noaa.gov/water_supply/ws_forecasts.php?id=RYGO3,-,,,RYGO3
Columbia-Pacific Northwest,SNAKE - BELOW SWAN FALLS,SWAI1,https://www.nwrfc.noaa.gov/water_supply/ws_boxplot.php?_jpg_csimd=1&start_month=APR&end_month=SEP&fcst_method=ESP10&overlay=4&image_only=1&fit=0&show_min_max=0&id=SWAI1&water_year=2026,https://www.nwrfc.noaa.gov/water_supply/ws_forecasts.php?id=SWAI1,-,,,SWAI1
Columbia-Pacific Northwest,KOOTENAI - LIBBY DAM,LYDM8,https://www.nwrfc.noaa.gov/water_supply/ws_boxplot.php?_jpg_csimd=1&start_month=APR&end_month=SEP&fcst_method=ESP10&overlay=4&image_only=1&fit=0&show_min_max=0&id=LYDM8&water_year=2026,https://www.nwrfc.noaa.gov/water_supply/ws_forecasts.php?id=LYDM8,-,,,LYDM8
Columbia-Pacific Northwest,BIG LOST - MACKAY RESERVOIR NEAR MACKAY,MACI1,https://www.nwrfc.noaa.gov/water_supply/ws_boxplot.php?_jpg_csimd=1&start_month=APR&end_month=SEP&fcst_method=ESP10&overlay=4&image_only=1&fit=0&show_min_max=0&id=MACI1&water_year=2026,https://www.nwrfc.noaa.gov/water_supply/ws_forecasts.php?id=MACI1,-,,,MACI1
Columbia-Pacific Northwest,CLARK FORK - CABINET GORGE DAM,CABI1,https://www.nwrfc.noaa.gov/water_supply/ws_boxplot.php?_jpg_csimd=1&start_month=APR&end_month=SEP&fcst_method=ESP10&overlay=4&image_only=1&fit=0&show_min_max=0&id=CABI1&water_year=2026,https://www.nwrfc.noaa.gov/water_supply/ws_forecasts.php?id=CABI1,-,,,CABI1
Columbia-Pacific Northwest,SNAKE - AT HELLS CANYON DAM,HCDI1,https://www.nwrfc.noaa.gov/water_supply/ws_boxplot.php?_jpg_csimd=1&start_month=APR&end_month=SEP&fcst_method=ESP10&overlay=4&image_only=1&fit=0&show_min_max=0&id=HCDI1&water_year=2026,https://www.nwrfc.noaa.gov/water_supply/ws_forecasts.php?id=HCDI1,-,,,HCDI1
Columbia-Pacific Northwest,BIG WOOD - AT HAILEY,HALI1,https://www.nwrfc.noaa.gov/water_supply/ws_boxplot.php?_jpg_csimd=1&start_month=APR&end_month=SEP&fcst_method=ESP10&overlay=4&image_only=1&fit=0&show_min_max=0&id=HALI1&water_year=2026,https://www.nwrfc.noaa.gov/water_supply/ws_forecasts.php?id=HALI1,-,,,HALI1
Columbia-Pacific Northwest,CLE ELUM - NEAR ROSLYN,CLEW1,https://www.nwrfc.noaa.gov/water_supply/ws_boxplot.php?_jpg_csimd=1&start_month=APR&end_month=SEP&fcst_method=ESP10&overlay=4&image_only=1&fit=0&show_min_max=0&id=CLEW1&water_year=2026,https://www.nwrfc.noaa.gov/water_supply/ws_forecasts.php?id=CLEW1,-,,,CLEW1
Columbia-Pacific Northwest,COEUR D ALENE - COEUR D ALENE LAKE,COEI1,https://www.nwrfc.noaa.gov/water_supply/ws_boxplot.php?_jpg_csimd=1&start_month=APR&end_month=SEP&fcst_method=ESP10&overlay=4&image_only=1&fit=0&show_min_max=0&id=COEI1&water_year=2026,https://www.nwrfc.noaa.gov/water_supply/ws_forecasts.php?id=COEI1,-,,,COEI1
Columbia-Pacific Northwest,UMATILLA - NEAR GIBBON,GIBO3,https://www.nwrfc.noaa.gov/water_supply/ws_boxplot.php?_jpg_csimd=1&start_month=APR&end_month=SEP&fcst_method=ESP10&overlay=4&image_only=1&fit=0&show_min_max=0&id=GIBO3&water_year=2026,https://www.nwrfc.noaa.gov/water_supply/ws_forecasts.php?id=GIBO3,-,,,GIBO3
Columbia-Pacific Northwest,SKAGIT - NEAR CONCRETE,CONW1,https://www.nwrfc.noaa.gov/water_supply/ws_boxplot.php?_jpg_csimd=1&start_month=APR&end_month=SEP&fcst_method=ESP10&overlay=4&image_only=1&fit=0&show_min_max=0&id=CONW1&water_year=2026,https://www.nwrfc.noaa.gov/water_supply/ws_forecasts.php?id=CONW1,-,,,CONW1
Columbia-Pacific Northwest,COLUMBIA - GRAND COULEE DAM,GCDW1,https://www.nwrfc.noaa.gov/water_supply/ws_boxplot.php?_jpg_csimd=1&start_month=APR&end_month=SEP&fcst_method=ESP10&overlay=4&image_only=1&fit=0&show_min_max=0&id=GCDW1&water_year=2026,https://www.nwrfc.noaa.gov/water_supply/ws_forecasts.php?id=GCDW1,-,,,GCDW1
Columbia-Pacific Northwest,NF FLATHEAD - NEAR COLUMBIA FALLS,FCFM8,https://www.nwrfc.noaa.gov/water_supply/ws_boxplot.php?_jpg_csimd=1&start_month=APR&end_month=SEP&fcst_method=ESP10&overlay=4&image_only=1&fit=0&show_min_max=0&id=FCFM8&water_year=2026,https://www.nwrfc.noaa.gov/water_supply/ws_forecasts.php?id=FCFM8,-,,,FCFM8
Columbia-Pacific Northwest,NF PAYETTE - CASCADE DAM,CSCI1,https://www.nwrfc.noaa.gov/water_supply/ws_boxplot.php?_jpg_csimd=1&start_month=APR&end_month=SEP&fcst_method=ESP10&overlay=4&image_only=1&fit=0&show_min_max=0&id=CSCI1&water_year=2026,https://www.nwrfc.noaa.gov/water_supply/ws_forecasts.php?id=CSCI1,-,,,CSCI1
Columbia-Pacific Northwest,CLACKAMAS - AT ESTACADA,ESTO3,https://www.nwrfc.noaa.gov/water_supply/ws_boxplot.php?_jpg_csimd=1&start_month=APR&end_month=SEP&fcst_method=ESP10&overlay=4&image_only=1&fit=0&show_min_max=0&id=ESTO3&water_year=2026,https://www.nwrfc.noaa.gov/water_supply/ws_forecasts.php?id=ESTO3,-,,,ESTO3
Columbia-Pacific Northwest,NF COEUR D ALENE - AT ENAVILLE,ENVI1,https://www.nwrfc.noaa.gov/water_supply/ws_boxplot.php?_jpg_csimd=1&start_month=APR&end_month=SEP&fcst_method=ESP10&overlay=4&image_only=1&fit=0&show_min_max=0&id=ENVI1&water_year=2026,https://www.nwrfc.noaa.gov/water_supply/ws_forecasts.php?id=ENVI1,-,,,ENVI1
Columbia-Pacific Northwest,PAYETTE - NEAR EMMETT,EMMI1,https://www.nwrfc.noaa.gov/water_supply/ws_boxplot.php?_jpg_csimd=1&start_month=APR&end_month=SEP&fcst_method=ESP10&overlay=4&image_only=1&fit=0&show_min_max=0&id=EMMI1&water_year=2026,https://www.nwrfc.noaa.gov/water_supply/ws_forecasts.php?id=EMMI1,-,,,EMMI1
Columbia-Pacific Northwest,EAGLE CREEK - ABOVE SKULL CK,EGCO3,https://www.nwrfc.noaa.gov/water_supply/ws_boxplot.php?_jpg_csimd=1&start_month=APR&end_month=SEP&fcst_method=ESP10&overlay=4&image_only=1&fit=0&show_min_max=0&id=EGCO3&water_year=2026,https://www.nwrfc.noaa.gov/water_supply/ws_forecasts.php?id=EGCO3,-,,,EGCO3
Columbia-Pacific Northwest,MOYIE - AT EASTPORT,EASI1,https://www.nwrfc.noaa.gov/water_supply/ws_boxplot.php?_jpg_csimd=1&start_month=APR&end_month=SEP&fcst_method=ESP10&overlay=4&image_only=1&fit=0&show_min_max=0&id=EASI1&water_year=2026,https://www.nwrfc.noaa.gov/water_supply/ws_forecasts.php?id=EASI1,-,,,EASI1
Columbia-Pacific Northwest,NF CLEARWATER - DWORSHAK DAM,DWRI1,https://www.nwrfc.noaa.gov/water_supply/ws_boxplot.php?_jpg_csimd=1&start_month=APR&end_month=SEP&fcst_method=ESP10&overlay=4&image_only=1&fit=0&show_min_max=0&id=DWRI1&water_year=2026,https://www.nwrfc.noaa.gov/water_supply/ws_forecasts.php?id=DWRI1,-,,,DWRI1
Columbia-Pacific Northwest,DUNGENESS - NEAR SEQUIM,DRSW1,https://www.nwrfc.noaa.gov/water_supply/ws_boxplot.php?_jpg_csimd=1&start_month=APR&end_month=SEP&fcst_method=ESP10&overlay=4&image_only=1&fit=0&show_min_max=0&id=DRSW1&water_year=2026,https://www.nwrfc.noaa.gov/water_supply/ws_forecasts.php?id=DRSW1,-,,,DRSW1
Columbia-Pacific Northwest,BITTERROOT - NEAR DARBY,DARM8,https://www.nwrfc.noaa.gov/water_supply/ws_boxplot.php?_jpg_csimd=1&start_month=APR&end_month=SEP&fcst_method=ESP10&overlay=4&image_only=1&fit=0&show_min_max=0&id=DARM8&water_year=2026,https://www.nwrfc.noaa.gov/water_supply/ws_forecasts.php?id=DARM8,-,,,DARM8
Columbia-Pacific Northwest,SNAKE - NEAR HEISE,HEII1,https://www.nwrfc.noaa.gov/water_supply/ws_boxplot.php?_jpg_csimd=1&start_month=APR&end_month=SEP&fcst_method=ESP10&overlay=4&image_only=1&fit=0&show_min_max=0&id=HEII1&water_year=2026,https://www.nwrfc.noaa.gov/water_supply/ws_forecasts.php?id=HEII1,-,,,HEII1
Columbia-Pacific Northwest,DEADWOOD - BELOW DEADWOOD RES,DRBI1,https://www.nwrfc.noaa.gov/water_supply/ws_boxplot.php?_jpg_csimd=1&start_month=APR&end_month=SEP&fcst_method=ESP10&overlay=4&image_only=1&fit=0&show_min_max=0&id=DRBI1&water_year=2026,https://www.nwrfc.noaa.gov/water_supply/ws_forecasts.php?id=DRBI1,-,,,DRBI1
Columbia-Pacific Northwest,SF FLATHEAD - HUNGRY HORSE DAM,HHWM8,https://www.nwrfc.noaa.gov/water_supply/ws_boxplot.php?_jpg_csimd=1&start_month=APR&end_month=SEP&fcst_method=ESP10&overlay=4&image_only=1&fit=0&show_min_max=0&id=HHWM8&water_year=2026,https://www.nwrfc.noaa.gov/water_supply/ws_forecasts.php?id=HHWM8,-,,,HHWM8
Columbia-Pacific Northwest,COLUMBIA - AT INTL BOUNDARY,CIBW1,https://www.nwrfc.noaa.gov/water_supply/ws_boxplot.php?_jpg_csimd=1&start_month=APR&end_month=SEP&fcst_method=ESP10&overlay=4&image_only=1&fit=0&show_min_max=0&id=CIBW1&water_year=2026,https://www.nwrfc.noaa.gov/water_supply/ws_forecasts.php?id=CIBW1,-,,,CIBW1
Columbia-Pacific Northwest,BOISE - LUCKY PEAK DAM,LUCI1,https://www.nwrfc.noaa.gov/water_supply/ws_boxplot.php?_jpg_csimd=1&start_month=APR&end_month=SEP&fcst_method=ESP10&overlay=4&image_only=1&fit=0&show_min_max=0&id=LUCI1&water_year=2026,https://www.nwrfc.noaa.gov/water_supply/ws_forecasts.php?id=LUCI1,-,,,LUCI1
Columbia-Pacific Northwest,LOSTINE - NR LOSTINE,LSTO3,https://www.nwrfc.noaa.gov/water_supply/ws_boxplot.php?_jpg_csimd=1&start_month=APR&end_month=SEP&fcst_method=ESP10&overlay=4&image_only=1&fit=0&show_min_max=0&id=LSTO3&water_year=2026,https://www.nwrfc.noaa.gov/water_supply/ws_forecasts.php?id=LSTO3,-,,,LSTO3
Columbia-Pacific Northwest,SPOKANE - AT LONGLAKE,LLKW1,https://www.nwrfc.noaa.gov/water_supply/ws_boxplot.php?_jpg_csimd=1&start_month=APR&end_month=SEP&fcst_method=ESP10&overlay=4&image_only=1&fit=0&show_min_max=0&id=LLKW1&water_year=2026,https://www.nwrfc.noaa.gov/water_supply/ws_forecasts.php?id=LLKW1,-,,,LLKW1
Columbia-Pacific Northwest,GRANDE RONDE - NEAR PERRY,LGNO3,https://www.nwrfc.noaa.gov/water_supply/ws_boxplot.php?_jpg_csimd=1&start_month=APR&end_month=SEP&fcst_method=ESP10&overlay=4&image_only=1&fit=0&show_min_max=0&id=LGNO3&water_year=2026,https://www.nwrfc.noaa.gov/water_supply/ws_forecasts.php?id=LGNO3,-,,,LGNO3
Columbia-Pacific Northwest,SNAKE - LOWER GRANITE DAM,LGDW1,https://www.nwrfc.noaa.gov/water_supply/ws_boxplot.php?_jpg_csimd=1&start_month=APR&end_month=SEP&fcst_method=ESP10&overlay=4&image_only=1&fit=0&show_min_max=0&id=LGDW1&water_year=2026,https://www.nwrfc.noaa.gov/water_supply/ws_forecasts.php?id=LGDW1,-,,,LGDW1
Columbia-Pacific Northwest,KOOTENAI - AT LEONIA,LEOI1,https://www.nwrfc.noaa.gov/water_supply/ws_boxplot.php?_jpg_csimd=1&start_month=APR&end_month=SEP&fcst_method=ESP10&overlay=4&image_only=1&fit=0&show_min_max=0&id=LEOI1&water_year=2026,https://www.nwrfc.noaa.gov/water_supply/ws_forecasts.php?id=LEOI1,-,,,LEOI1
Columbia-Pacific Northwest,KETTLE - AT LAURIER,LAUW1,https://www.nwrfc.noaa.gov/water_supply/ws_boxplot.php?_jpg_csimd=1&start_month=APR&end_month=SEP&fcst_method=ESP10&overlay=4&image_only=1&fit=0&show_min_max=0&id=LAUW1&water_year=2026,https://www.nwrfc.noaa.gov/water_supply/ws_forecasts.php?id=LAUW1,-,,,LAUW1
Columbia-Pacific Northwest,YAKIMA - AT KIONA,KIOW1,https://www.nwrfc.noaa.gov/water_supply/ws_boxplot.php?_jpg_csimd=1&start_month=APR&end_month=SEP&fcst_method=ESP10&overlay=4&image_only=1&fit=0&show_min_max=0&id=KIOW1&water_year=2026,https://www.nwrfc.noaa.gov/water_supply/ws_forecasts.php?id=KIOW1,-,,,KIOW1
Columbia-Pacific Northwest,ST JOE - AT CALDER,CLDI1,https://www.nwrfc.noaa.gov/water_supply/ws_boxplot.php?_jpg_csimd=1&start_month=APR&end_month=SEP&fcst_method=ESP10&overlay=4&image_only=1&fit=0&show_min_max=0&id=CLDI1&water_year=2026,https://www.nwrfc.noaa.gov/water_supply/ws_forecasts.php?id=CLDI1,-,,,CLDI1
Columbia-Pacific Northwest,FLATHEAD - SELI&#x2019;&#x160; KSANKA QLISPE&#x2019; DAM,KERM8,https://www.nwrfc.noaa.gov/water_supply/ws_boxplot.php?_jpg_csimd=1&start_month=APR&end_month=SEP&fcst_method=ESP10&overlay=4&image_only=1&fit=0&show_min_max=0&id=KERM8&water_year=2026,https://www.nwrfc.noaa.gov/water_supply/ws_forecasts.php?id=KERM8,-,,,KERM8
Columbia-Pacific Northwest,KACHESS - NEAR EASTON,KACW1,https://www.nwrfc.noaa.gov/water_supply/ws_boxplot.php?_jpg_csimd=1&start_month=APR&end_month=SEP&fcst_method=ESP10&overlay=4&image_only=1&fit=0&show_min_max=0&id=KACW1&water_year=2026,https://www.nwrfc.noaa.gov/water_supply/ws_forecasts.php?id=KACW1,-,,,KACW1
Columbia-Pacific Northwest,FALL RIVER - NEAR CHESTER,CHEI1,https://www.nwrfc.noaa.gov/water_supply/ws_boxplot.php?_jpg_csimd=1&start_month=APR&end_month=SEP&fcst_method=ESP10&overlay=4&image_only=1&fit=0&show_min_max=0&id=CHEI1&water_year=2026,https://www.nwrfc.noaa.gov/water_supply/ws_forecasts.php?id=CHEI1,-,,,CHEI1
Columbia-Pacific Northwest,COLUMBIA - JOHN DAY DAM,JDAO3,https://www.nwrfc.noaa.gov/water_supply/ws_boxplot.php?_jpg_csimd=1&start_month=APR&end_month=SEP&fcst_method=ESP10&overlay=4&image_only=1&fit=0&show_min_max=0&id=JDAO3&water_year=2026,https://www.nwrfc.noaa.gov/water_supply/ws_forecasts.php?id=JDAO3,-,,,JDAO3
Columbia-Pacific Northwest,IMNAHA - AT IMNAHA,IMNO3,https://www.nwrfc.noaa.gov/water_supply/ws_boxplot.php?_jpg_csimd=1&start_month=APR&end_month=SEP&fcst_method=ESP10&overlay=4&image_only=1&fit=0&show_min_max=0&id=IMNO3&water_year=2026,https://www.nwrfc.noaa.gov/water_supply/ws_forecasts.php?id=IMNO3,-,,,IMNO3
Columbia-Pacific Northwest,BIG LOST - AT HOWELL RANCH NEAR CHILLY,HWRI1,https://www.nwrfc.noaa.gov/water_supply/ws_boxplot.php?_jpg_csimd=1&start_month=APR&end_month=SEP&fcst_method=ESP10&overlay=4&image_only=1&fit=0&show_min_max=0&id=HWRI1&water_year=2026,https://www.nwrfc.noaa.gov/water_supply/ws_forecasts.php?id=HWRI1,-,,,HWRI1
Columbia-Pacific Northwest,PAYETTE - NEAR HORSESHOE BEND,HRSI1,https://www.nwrfc.noaa.gov/water_supply/ws_boxplot.php?_jpg_csimd=1&start_month=APR&end_month=SEP&fcst_method=ESP10&overlay=4&image_only=1&fit=0&show_min_max=0&id=HRSI1&water_year=2026,https://www.nwrfc.noaa.gov/water_supply/ws_forecasts.php?id=HRSI1,-,,,HRSI1
Columbia-Pacific Northwest,BRUNEAU - NEAR HOT SPRINGS,HOTI1,https://www.nwrfc.noaa.gov/water_supply/ws_boxplot.php?_jpg_csimd=1&start_month=APR&end_month=SEP&fcst_method=ESP10&overlay=4&image_only=1&fit=0&show_min_max=0&id=HOTI1&water_year=2026,https://www.nwrfc.noaa.gov/water_supply/ws_forecasts.php?id=HOTI1,-,,,HOTI1
Columbia-Pacific Northwest,YAKIMA - NEAR HORLICK,HLKW1,https://www.nwrfc.noaa.gov/water_supply/ws_boxplot.php?_jpg_csimd=1&start_month=APR&end_month=SEP&fcst_method=ESP10&overlay=4&image_only=1&fit=0&show_min_max=0&id=HLKW1&water_year=2026,https://www.nwrfc.noaa.gov/water_supply/ws_forecasts.php?id=HLKW1,-,,,HLKW1
Columbia-Pacific Northwest,YAKIMA - NEAR MARTIN,KEEW1,https://www.nwrfc.noaa.gov/water_supply/ws_boxplot.php?_jpg_csimd=1&start_month=APR&end_month=SEP&fcst_method=ESP10&overlay=4&image_only=1&fit=0&show_min_max=0&id=KEEW1&water_year=2026,https://www.nwrfc.noaa.gov/water_supply/ws_forecasts.php?id=KEEW1,-,,,KEEW1
Columbia-Pacific Northwest,DONNER UND BLITZEN - NR FRENCHGLEN,DONO3,https://www.nwrfc.noaa.gov/water_supply/ws_boxplot.php?_jpg_csimd=1&start_month=APR&end_month=SEP&fcst_method=ESP10&overlay=4&image_only=1&fit=0&show_min_max=0&id=DONO3&water_year=2026,https://www.nwrfc.noaa.gov/water_supply/ws_forecasts.php?id=DONO3,-,,,DONO3
Lower Colorado Basin,San Francisco - Clifton,SFCA3,https://www.cbrfc.noaa.gov/dbdata/wsup/graph/espgraph_hc.py?id=SFCA3,http://www.cbrfc.noaa.gov/wsup/graph/espgraph_hc.html?id=SFCA3,UPGILA,LC,GL,SFCA3
Lower Colorado Basin,Gila - Solomon  Nr  Head Of Safford Vly,GLHA3,https://www.cbrfc.noaa.gov/dbdata/wsup/graph/espgraph_hc.py?id=GLHA3,http://www.cbrfc.noaa.gov/wsup/graph/espgraph_hc.html?id=GLHA3,UPGILA,LC,GL,GLHA3
Lower Colorado Basin,Chevelon Ck - Winslow  Nr  Wildcat Cyn  Blo,CHWA3,https://www.cbrfc.noaa.gov/dbdata/wsup/graph/espgraph_hc.py?id=CHWA3,http://www.cbrfc.noaa.gov/wsup/graph/espgraph_hc.html?id=CHWA3,LITCOL,LC,LC,CHWA3
Lower Colorado Basin,Gila - San Carlos Reservoir  Coolidge Dam  At,CLDA3,https://www.cbrfc.noaa.gov/dbdata/wsup/graph/espgraph_hc.py?id=CLDA3,http://www.cbrfc.noaa.gov/wsup/graph/espgraph_hc.html?id=CLDA3,UPGILA,LC,GL,CLDA3
Lower Colorado Basin,Colorado - Lake Powell  Glen Cyn Dam  At,GLDA3,https://www.cbrfc.noaa.gov/dbdata/wsup/graph/espgraph_hc.py?id=GLDA3,http://www.cbrfc.noaa.gov/wsup/graph/espgraph_hc.html?id=GLDA3,POWELL,UC,CO,GLDA3
Lower Colorado Basin,Verde - Tangle Ck  Blo  Horseshoe Dam  Abv,VDTA3,https://www.cbrfc.noaa.gov/dbdata/wsup/graph/espgraph_hc.py?id=VDTA3,http://www.cbrfc.noaa.gov/wsup/graph/espgraph_hc.html?id=VDTA3,VERDE,LC,SA,VDTA3
Lower Colorado Basin,Little Colorado - Lyman Lk  Abv  St. Johns  Nr,LCLA3,https://www.cbrfc.noaa.gov/dbdata/wsup/graph/espgraph_hc.py?id=LCLA3,http://www.cbrfc.noaa.gov/wsup/graph/espgraph_hc.html?id=LCLA3,LITCOL,LC,LC,LCLA3
Lower Colorado Basin,Salt - Roosevelt  Nr,SLRA3,https://www.cbrfc.noaa.gov/dbdata/wsup/graph/espgraph_hc.py?id=SLRA3,http://www.cbrfc.noaa.gov/wsup/graph/espgraph_hc.html?id=SLRA3,SALT,LC,SA,SLRA3
Lower Colorado Basin,Tonto Ck - Roosevelt  Nr  Gun Ck  Abv,TNRA3,https://www.cbrfc.noaa.gov/dbdata/wsup/graph/espgraph_hc.py?id=TNRA3,http://www.cbrfc.noaa.gov/wsup/graph/espgraph_hc.html?id=TNRA3,SALT,LC,SA,TNRA3
Upper Colorado Basin,SALT - ABV PALISADES RES NR ETNA,SALW4,https://www.nwrfc.noaa.gov/water_supply/ws_boxplot.php?_jpg_csimd=1&start_month=APR&end_month=SEP&fcst_method=ESP10&overlay=4&image_only=1&fit=0&show_min_max=0&id=SALW4&water_year=2026,https://www.nwrfc.noaa.gov/water_supply/ws_forecasts.php?id=SALW4,-,,,SALW4
Upper Colorado Basin,GREYS - AB RES NR ALPINE,GREW4,https://www.nwrfc.noaa.gov/water_supply/ws_boxplot.php?_jpg_csimd=1&start_month=APR&end_month=SEP&fcst_method=ESP10&overlay=4&image_only=1&fit=0&show_min_max=0&id=GREW4&water_year=2026,https://www.nwrfc.noaa.gov/water_supply/ws_forecasts.php?id=GREW4,-,,,GREW4
Upper Colorado Basin,SNAKE - JACKSON LAKE AT DAM,JLKW4,https://www.nwrfc.noaa.gov/water_supply/ws_boxplot.php?_jpg_csimd=1&start_month=APR&end_month=SEP&fcst_method=ESP10&overlay=4&image_only=1&fit=0&show_min_max=0&id=JLKW4&water_year=2026,https://www.nwrfc.noaa.gov/water_supply/ws_forecasts.php?id=JLKW4,-,,,JLKW4
Upper Colorado Basin,American Fork - American Fork  Nr  Up Pwrplnt  Abv,AFPU1,https://www.cbrfc.noaa.gov/dbdata/wsup/graph/espgraph_hc.py?id=AFPU1,http://www.cbrfc.noaa.gov/wsup/graph/espgraph_hc.html?id=AFPU1,PROVO,SL,UL,AFPU1
Upper Colorado Basin,Ute Creek Near Fort Garland,UFGC2,https://www.cbrfc.noaa.gov/dbdata/wsup/graph/espgraph_hc.py?id=UFGC2,http://www.cbrfc.noaa.gov/wsup/graph/espgraph_hc.html?id=UFGC2,-,WG,RG,UFGC2
Upper Colorado Basin,Lambs Ck - Salt Lake City  Nr,LAMU1,https://www.cbrfc.noaa.gov/dbdata/wsup/graph/espgraph_hc.py?id=LAMU1,http://www.cbrfc.noaa.gov/wsup/graph/espgraph_hc.html?id=LAMU1,SIXCKS,SL,SC,LAMU1
Upper Colorado Basin,Lake Fork - Moon Lake Reservoir  Mtn Home  Nr,LAAU1,https://www.cbrfc.noaa.gov/dbdata/wsup/graph/espgraph_hc.py?id=LAAU1,http://www.cbrfc.noaa.gov/wsup/graph/espgraph_hc.html?id=LAAU1,DUCHPR,GN,DC,LAAU1
Upper Colorado Basin,Colorado - Kremmling  Nr,KRMC2,https://www.cbrfc.noaa.gov/dbdata/wsup/graph/espgraph_hc.py?id=KRMC2,http://www.cbrfc.noaa.gov/wsup/graph/espgraph_hc.html?id=KRMC2,COLPAL,UC,CO,KRMC2
Upper Colorado Basin,Seeley Ck - Joes Vly Reservoir  Orangeville  Nr,JOVU1,https://www.cbrfc.noaa.gov/dbdata/wsup/graph/espgraph_hc.py?id=JOVU1,http://www.cbrfc.noaa.gov/wsup/graph/espgraph_hc.html?id=JOVU1,SANRAFDD,GN,LG,JOVU1
Upper Colorado Basin,Blacksmith Fork - Hyrum  Nr  Upnl Dam  Abv,HRMU1,https://www.cbrfc.noaa.gov/dbdata/wsup/graph/espgraph_hc.py?id=HRMU1,http://www.cbrfc.noaa.gov/wsup/graph/espgraph_hc.html?id=HRMU1,BEAR,SL,BR,HRMU1
Upper Colorado Basin,Huntington Ck - Power Plant  Blo -Huntington  Nr,HPBU1,https://www.cbrfc.noaa.gov/dbdata/wsup/graph/espgraph_hc.py?id=HPBU1,http://www.cbrfc.noaa.gov/wsup/graph/espgraph_hc.html?id=HPBU1,SANRAFDD,GN,LG,HPBU1
Upper Colorado Basin,Hams Fork - Frontier  Nr  Pole Ck  Blo,HMFW4,https://www.cbrfc.noaa.gov/dbdata/wsup/graph/espgraph_hc.py?id=HMFW4,http://www.cbrfc.noaa.gov/wsup/graph/espgraph_hc.html?id=HMFW4,GREEN,GN,UG,HMFW4
Upper Colorado Basin,Hobble Ck - Springville  700 East,HBCU1,https://www.cbrfc.noaa.gov/dbdata/wsup/graph/espgraph_hc.py?id=HBCU1,http://www.cbrfc.noaa.gov/wsup/graph/espgraph_hc.html?id=HBCU1,PROVO,SL,UL,HBCU1
Upper Colorado Basin,Sevier - Hatch,HATU1,https://www.cbrfc.noaa.gov/dbdata/wsup/graph/espgraph_hc.py?id=HATU1,http://www.cbrfc.noaa.gov/wsup/graph/espgraph_hc.html?id=HATU1,SEV_H,SV,SV,HATU1
Upper Colorado Basin,Little Cottonwood Ck - Salt Lake City  Nr,LCTU1,https://www.cbrfc.noaa.gov/dbdata/wsup/graph/espgraph_hc.py?id=LCTU1,http://www.cbrfc.noaa.gov/wsup/graph/espgraph_hc.html?id=LCTU1,SIXCKS,SL,SC,LCTU1
Upper Colorado Basin,Roaring Fork - Glenwood Springs,GWSC2,https://www.cbrfc.noaa.gov/dbdata/wsup/graph/espgraph_hc.py?id=GWSC2,http://www.cbrfc.noaa.gov/wsup/graph/espgraph_hc.html?id=GWSC2,COLPAL,UC,CO,GWSC2
Upper Colorado Basin,Gunnison - Gunnison  Nr,GUSC2,https://www.cbrfc.noaa.gov/dbdata/wsup/graph/espgraph_hc.py?id=GUSC2,http://www.cbrfc.noaa.gov/wsup/graph/espgraph_hc.html?id=GUSC2,GUN,UC,GU,GUSC2
Upper Colorado Basin,San Francisco - Glenwood  Nr,GSFN5,https://www.cbrfc.noaa.gov/dbdata/wsup/graph/espgraph_hc.py?id=GSFN5,http://www.cbrfc.noaa.gov/wsup/graph/espgraph_hc.html?id=GSFN5,UPGILA,LC,GL,GSFN5
Upper Colorado Basin,Green - Green River  Ut,GRVU1,https://www.cbrfc.noaa.gov/dbdata/wsup/graph/espgraph_hc.py?id=GRVU1,http://www.cbrfc.noaa.gov/wsup/graph/espgraph_hc.html?id=GRVU1,GREEN,GN,LG,GRVU1
Upper Colorado Basin,Green - Green River  Wy  Nr,GRRW4,https://www.cbrfc.noaa.gov/dbdata/wsup/graph/espgraph_hc.py?id=GRRW4,http://www.cbrfc.noaa.gov/wsup/graph/espgraph_hc.html?id=GRRW4,GREEN,GN,UG,GRRW4
Upper Colorado Basin,Green - Flaming Gorge Reservoir,GRNU1,https://www.cbrfc.noaa.gov/dbdata/wsup/graph/espgraph_hc.py?id=GRNU1,http://www.cbrfc.noaa.gov/wsup/graph/espgraph_hc.html?id=GRNU1,GREEN,GN,UG,GRNU1
Upper Colorado Basin,Eagle - Gypsum  Blo,GPSC2,https://www.cbrfc.noaa.gov/dbdata/wsup/graph/espgraph_hc.py?id=GPSC2,http://www.cbrfc.noaa.gov/wsup/graph/espgraph_hc.html?id=GPSC2,COLPAL,UC,CO,GPSC2
Upper Colorado Basin,Blue - Green Mtn Reservoir,GMRC2,https://www.cbrfc.noaa.gov/dbdata/wsup/graph/espgraph_hc.py?id=GMRC2,http://www.cbrfc.noaa.gov/wsup/graph/espgraph_hc.html?id=GMRC2,COLKREM,UC,CO,GMRC2
Upper Colorado Basin,Gunnison - Grand Junction  Nr,GJNC2,https://www.cbrfc.noaa.gov/dbdata/wsup/graph/espgraph_hc.py?id=GJNC2,http://www.cbrfc.noaa.gov/wsup/graph/espgraph_hc.html?id=GJNC2,GUN,UC,GU,GJNC2
Upper Colorado Basin,Gila - Gila  Nr,GILN5,https://www.cbrfc.noaa.gov/dbdata/wsup/graph/espgraph_hc.py?id=GILN5,http://www.cbrfc.noaa.gov/wsup/graph/espgraph_hc.html?id=GILN5,UPGILA,LC,GL,GILN5
Upper Colorado Basin,Gila - Virden  Nr  Blue Ck  Blo,GVRN5,https://www.cbrfc.noaa.gov/dbdata/wsup/graph/espgraph_hc.py?id=GVRN5,http://www.cbrfc.noaa.gov/wsup/graph/espgraph_hc.html?id=GVRN5,UPGILA,LC,GL,GVRN5
Upper Colorado Basin,Colorado - Glenwood Springs  Blo,GCOC2,https://www.cbrfc.noaa.gov/dbdata/wsup/graph/espgraph_hc.py?id=GCOC2,http://www.cbrfc.noaa.gov/wsup/graph/espgraph_hc.html?id=GCOC2,COLPAL,UC,CO,GCOC2
Upper Colorado Basin,Florida - Lemon Reservoir  Durango  Nr,LEMC2,https://www.cbrfc.noaa.gov/dbdata/wsup/graph/espgraph_hc.py?id=LEMC2,http://www.cbrfc.noaa.gov/wsup/graph/espgraph_hc.html?id=LEMC2,SANJUAN,SJ,SJ,LEMC2
Upper Colorado Basin,Logan - Logan  Nr  State Dam  Abv,LGNU1,https://www.cbrfc.noaa.gov/dbdata/wsup/graph/espgraph_hc.py?id=LGNU1,http://www.cbrfc.noaa.gov/wsup/graph/espgraph_hc.html?id=LGNU1,BEAR,SL,BR,LGNU1
Upper Colorado Basin,Parleys Ck - Salt Lake City  Nr,PRLU1,https://www.cbrfc.noaa.gov/dbdata/wsup/graph/espgraph_hc.py?id=PRLU1,http://www.cbrfc.noaa.gov/wsup/graph/espgraph_hc.html?id=PRLU1,SIXCKS,SL,SC,PRLU1
Upper Colorado Basin,Ogden - Pineview Reservoir  Ogden  Nr,PINU1,https://www.cbrfc.noaa.gov/dbdata/wsup/graph/espgraph_hc.py?id=PINU1,http://www.cbrfc.noaa.gov/wsup/graph/espgraph_hc.html?id=PINU1,WEBER,SL,WB,PINU1
Upper Colorado Basin,Piedra - Arboles  Nr,PIDC2,https://www.cbrfc.noaa.gov/dbdata/wsup/graph/espgraph_hc.py?id=PIDC2,http://www.cbrfc.noaa.gov/wsup/graph/espgraph_hc.html?id=PIDC2,SANJUAN,SJ,SJ,PIDC2
Upper Colorado Basin,Sf Ogden - Huntsville  Nr,OGHU1,https://www.cbrfc.noaa.gov/dbdata/wsup/graph/espgraph_hc.py?id=OGHU1,http://www.cbrfc.noaa.gov/wsup/graph/espgraph_hc.html?id=OGHU1,WEBER,SL,WB,OGHU1
Upper Colorado Basin,Weber - Oakley  Nr,OAWU1,https://www.cbrfc.noaa.gov/dbdata/wsup/graph/espgraph_hc.py?id=OAWU1,http://www.cbrfc.noaa.gov/wsup/graph/espgraph_hc.html?id=OAWU1,WEBER,SL,WB,OAWU1
Upper Colorado Basin,San Juan - Navajo Reservoir  Archuleta  Nr,NVRN5,https://www.cbrfc.noaa.gov/dbdata/wsup/graph/espgraph_hc.py?id=NVRN5,http://www.cbrfc.noaa.gov/wsup/graph/espgraph_hc.html?id=NVRN5,SANJUAN,SJ,SJ,NVRN5
Upper Colorado Basin,Uinta - Neola  Nr,NEUU1,https://www.cbrfc.noaa.gov/dbdata/wsup/graph/espgraph_hc.py?id=NEUU1,http://www.cbrfc.noaa.gov/wsup/graph/espgraph_hc.html?id=NEUU1,DUCHPR,GN,DC,NEUU1
Upper Colorado Basin,Navajo - Chromo  Nr  Oso Div Dam  Blo,NAVC2,https://www.cbrfc.noaa.gov/dbdata/wsup/graph/espgraph_hc.py?id=NAVC2,http://www.cbrfc.noaa.gov/wsup/graph/espgraph_hc.html?id=NAVC2,SANJUAN,SJ,SJ,NAVC2
Upper Colorado Basin,Duchesne - Myton,MYRU1,https://www.cbrfc.noaa.gov/dbdata/wsup/graph/espgraph_hc.py?id=MYRU1,http://www.cbrfc.noaa.gov/wsup/graph/espgraph_hc.html?id=MYRU1,DUCHPR,GN,DC,MYRU1
Upper Colorado Basin,Lake Fork - Gateview,LFGC2,https://www.cbrfc.noaa.gov/dbdata/wsup/graph/espgraph_hc.py?id=LFGC2,http://www.cbrfc.noaa.gov/wsup/graph/espgraph_hc.html?id=LFGC2,GUN,UC,GU,LFGC2
Upper Colorado Basin,Gunnison - Morrow Point Reservoir,MPSC2,https://www.cbrfc.noaa.gov/dbdata/wsup/graph/espgraph_hc.py?id=MPSC2,http://www.cbrfc.noaa.gov/wsup/graph/espgraph_hc.html?id=MPSC2,GUN,UC,GU,MPSC2
Upper Colorado Basin,Mancos - Mancos  Nr,MNRC2,https://www.cbrfc.noaa.gov/dbdata/wsup/graph/espgraph_hc.py?id=MNRC2,http://www.cbrfc.noaa.gov/wsup/graph/espgraph_hc.html?id=MNRC2,SANJUAN,SJ,SJ,MNRC2
Upper Colorado Basin,Mill Ck - Salt Lake City  Nr,MILU1,https://www.cbrfc.noaa.gov/dbdata/wsup/graph/espgraph_hc.py?id=MILU1,http://www.cbrfc.noaa.gov/wsup/graph/espgraph_hc.html?id=MILU1,SIXCKS,SL,SC,MILU1
Upper Colorado Basin,Muddy Ck - Emery  Nr,MDCU1,https://www.cbrfc.noaa.gov/dbdata/wsup/graph/espgraph_hc.py?id=MDCU1,http://www.cbrfc.noaa.gov/wsup/graph/espgraph_hc.html?id=MDCU1,SANRAFDD,GN,LG,MDCU1
Upper Colorado Basin,Yampa - Maybell  Nr,MBLC2,https://www.cbrfc.noaa.gov/dbdata/wsup/graph/espgraph_hc.py?id=MBLC2,http://www.cbrfc.noaa.gov/wsup/graph/espgraph_hc.html?id=MBLC2,WHYAM,GN,YW,MBLC2
Upper Colorado Basin,Manti Ck - Manti  Nr  Dugway Ck  Blo,MAAU1,https://www.cbrfc.noaa.gov/dbdata/wsup/graph/espgraph_hc.py?id=MAAU1,http://www.cbrfc.noaa.gov/wsup/graph/espgraph_hc.html?id=MAAU1,SEV_H,SV,SV,MAAU1
Upper Colorado Basin,Little Snake - Slater  Nr,LSRC2,https://www.cbrfc.noaa.gov/dbdata/wsup/graph/espgraph_hc.py?id=LSRC2,http://www.cbrfc.noaa.gov/wsup/graph/espgraph_hc.html?id=LSRC2,WHYAM,GN,YW,LSRC2
Upper Colorado Basin,La Plata - Hesperus,LPHC2,https://www.cbrfc.noaa.gov/dbdata/wsup/graph/espgraph_hc.py?id=LPHC2,http://www.cbrfc.noaa.gov/wsup/graph/espgraph_hc.html?id=LPHC2,SANJUAN,SJ,SJ,LPHC2
Upper Colorado Basin,Little Navajo - Oso Div Dam Bl Chromo Nr,LNAC2,https://www.cbrfc.noaa.gov/dbdata/wsup/graph/espgraph_hc.py?id=LNAC2,http://www.cbrfc.noaa.gov/wsup/graph/espgraph_hc.html?id=LNAC2,SANJUAN,SJ,SJ,LNAC2
Upper Colorado Basin,Little Snake - Lily  Nr,LILC2,https://www.cbrfc.noaa.gov/dbdata/wsup/graph/espgraph_hc.py?id=LILC2,http://www.cbrfc.noaa.gov/wsup/graph/espgraph_hc.html?id=LILC2,WHYAM,GN,YW,LILC2
Upper Colorado Basin,Dolores - Mcphee Reservoir,MPHC2,https://www.cbrfc.noaa.gov/dbdata/wsup/graph/espgraph_hc.py?id=MPHC2,http://www.cbrfc.noaa.gov/wsup/graph/espgraph_hc.html?id=MPHC2,DOL,UC,DO,MPHC2
Upper Colorado Basin,Colorado - Lake Granby  Granby  Nr,GBYC2,https://www.cbrfc.noaa.gov/dbdata/wsup/graph/espgraph_hc.py?id=GBYC2,http://www.cbrfc.noaa.gov/wsup/graph/espgraph_hc.html?id=GBYC2,COLKREM,UC,CO,GBYC2
Upper Colorado Basin,Green - Fontenelle Reservoir  Fontenelle  Nr,GBRW4,https://www.cbrfc.noaa.gov/dbdata/wsup/graph/espgraph_hc.py?id=GBRW4,http://www.cbrfc.noaa.gov/wsup/graph/espgraph_hc.html?id=GBRW4,GREEN,GN,UG,GBRW4
Upper Colorado Basin,Weber - Gateway,GATU1,https://www.cbrfc.noaa.gov/dbdata/wsup/graph/espgraph_hc.py?id=GATU1,http://www.cbrfc.noaa.gov/wsup/graph/espgraph_hc.html?id=GATU1,WEBER,SL,WB,GATU1
Upper Colorado Basin,Weber - Coalville  Nr,CLLU1,https://www.cbrfc.noaa.gov/dbdata/wsup/graph/espgraph_hc.py?id=CLLU1,http://www.cbrfc.noaa.gov/wsup/graph/espgraph_hc.html?id=CLLU1,WEBER,SL,WB,CLLU1
Upper Colorado Basin,Chalk Ck - Coalville,CIVU1,https://www.cbrfc.noaa.gov/dbdata/wsup/graph/espgraph_hc.py?id=CIVU1,http://www.cbrfc.noaa.gov/wsup/graph/espgraph_hc.html?id=CIVU1,WEBER,SL,WB,CIVU1
Upper Colorado Basin,City Ck - Salt Lake City  Nr,CCSU1,https://www.cbrfc.noaa.gov/dbdata/wsup/graph/espgraph_hc.py?id=CCSU1,http://www.cbrfc.noaa.gov/wsup/graph/espgraph_hc.html?id=CCSU1,SIXCKS,SL,SC,CCSU1
Upper Colorado Basin,Clear Ck - Sevier  Nr  Diversions  Abv,CCDU1,https://www.cbrfc.noaa.gov/dbdata/wsup/graph/espgraph_hc.py?id=CCDU1,http://www.cbrfc.noaa.gov/wsup/graph/espgraph_hc.html?id=CCDU1,SEV_H,SV,SV,CCDU1
Upper Colorado Basin,Spanish Fork - Castilla  Nr,CASU1,https://www.cbrfc.noaa.gov/dbdata/wsup/graph/espgraph_hc.py?id=CASU1,http://www.cbrfc.noaa.gov/wsup/graph/espgraph_hc.html?id=CASU1,PROVO,SL,UL,CASU1
Upper Colorado Basin,Colorado - Cameo  Nr,CAMC2,https://www.cbrfc.noaa.gov/dbdata/wsup/graph/espgraph_hc.py?id=CAMC2,http://www.cbrfc.noaa.gov/wsup/graph/espgraph_hc.html?id=CAMC2,COLPAL,UC,CO,CAMC2
Upper Colorado Basin,Big Sandy - Farson  Nr,BSRW4,https://www.cbrfc.noaa.gov/dbdata/wsup/graph/espgraph_hc.py?id=BSRW4,http://www.cbrfc.noaa.gov/wsup/graph/espgraph_hc.html?id=BSRW4,GREEN,GN,UG,BSRW4
Upper Colorado Basin,Big Brush Ck - Vernal  Nr  Red Fleet Res  Abv,BRUU1,https://www.cbrfc.noaa.gov/dbdata/wsup/graph/espgraph_hc.py?id=BRUU1,http://www.cbrfc.noaa.gov/wsup/graph/espgraph_hc.html?id=BRUU1,GREEN,GN,DC,BRUU1
Upper Colorado Basin,New Fork - Big Piney  Nr,BPNW4,https://www.cbrfc.noaa.gov/dbdata/wsup/graph/espgraph_hc.py?id=BPNW4,http://www.cbrfc.noaa.gov/wsup/graph/espgraph_hc.html?id=BPNW4,GREEN,GN,UG,BPNW4
Upper Colorado Basin,Uncompahgre - Colona,CLOC2,https://www.cbrfc.noaa.gov/dbdata/wsup/graph/espgraph_hc.py?id=CLOC2,http://www.cbrfc.noaa.gov/wsup/graph/espgraph_hc.html?id=CLOC2,GUN,UC,GU,CLOC2
Upper Colorado Basin,Smiths Fork - Border  Nr,BORW4,https://www.cbrfc.noaa.gov/dbdata/wsup/graph/espgraph_hc.py?id=BORW4,http://www.cbrfc.noaa.gov/wsup/graph/espgraph_hc.html?id=BORW4,BEAR,SL,BR,BORW4
Upper Colorado Basin,Gunnison - Blue Mesa Reservoir,BMDC2,https://www.cbrfc.noaa.gov/dbdata/wsup/graph/espgraph_hc.py?id=BMDC2,http://www.cbrfc.noaa.gov/wsup/graph/espgraph_hc.html?id=BMDC2,GUN,UC,GU,BMDC2
Upper Colorado Basin,San Juan - Bluff  Nr,BFFU1,https://www.cbrfc.noaa.gov/dbdata/wsup/graph/espgraph_hc.py?id=BFFU1,http://www.cbrfc.noaa.gov/wsup/graph/espgraph_hc.html?id=BFFU1,SANJUAN,SJ,SJ,BFFU1
Upper Colorado Basin,Beaver - Beaver  Nr,BEVU1,https://www.cbrfc.noaa.gov/dbdata/wsup/graph/espgraph_hc.py?id=BEVU1,http://www.cbrfc.noaa.gov/wsup/graph/espgraph_hc.html?id=BEVU1,SEV_H,SV,SV,BEVU1
Upper Colorado Basin,Bear - Utah-Wyoming State Line  Nr,BERU1,https://www.cbrfc.noaa.gov/dbdata/wsup/graph/espgraph_hc.py?id=BERU1,http://www.cbrfc.noaa.gov/wsup/graph/espgraph_hc.html?id=BERU1,BEAR,SL,BR,BERU1
Upper Colorado Basin,Bear - Woodruff Narrows Rsvr  Abv,BEAW4,https://www.cbrfc.noaa.gov/dbdata/wsup/graph/espgraph_hc.py?id=BEAW4,http://www.cbrfc.noaa.gov/wsup/graph/espgraph_hc.html?id=BEAW4,BEAR,SL,BR,BEAW4
Upper Colorado Basin,Big Cottonwood Ck - Salt Lake City  Nr,BCTU1,https://www.cbrfc.noaa.gov/dbdata/wsup/graph/espgraph_hc.py?id=BCTU1,http://www.cbrfc.noaa.gov/wsup/graph/espgraph_hc.html?id=BCTU1,SIXCKS,SL,SC,BCTU1
Upper Colorado Basin,Ashley Ck - Vernal  Nr,ASHU1,https://www.cbrfc.noaa.gov/dbdata/wsup/graph/espgraph_hc.py?id=ASHU1,http://www.cbrfc.noaa.gov/wsup/graph/espgraph_hc.html?id=ASHU1,DUCHPR,GN,DC,ASHU1
Upper Colorado Basin,Taylor - Almont,ALTC2,https://www.cbrfc.noaa.gov/dbdata/wsup/graph/espgraph_hc.py?id=ALTC2,http://www.cbrfc.noaa.gov/wsup/graph/espgraph_hc.html?id=ALTC2,GUN,UC,GU,ALTC2
Upper Colorado Basin,East - Almont,ALEC2,https://www.cbrfc.noaa.gov/dbdata/wsup/graph/espgraph_hc.py?id=ALEC2,http://www.cbrfc.noaa.gov/wsup/graph/espgraph_hc.html?id=ALEC2,GUN,UC,GU,ALEC2
Upper Colorado Basin,Blacks Fork - Robertson  Nr,BNRU1,https://www.cbrfc.noaa.gov/dbdata/wsup/graph/espgraph_hc.py?id=BNRU1,http://www.cbrfc.noaa.gov/wsup/graph/espgraph_hc.html?id=BNRU1,GREEN,GN,UG,BNRU1
Upper Colorado Basin,Colorado - Cisco  Nr,CLRU1,https://www.cbrfc.noaa.gov/dbdata/wsup/graph/espgraph_hc.py?id=CLRU1,http://www.cbrfc.noaa.gov/wsup/graph/espgraph_hc.html?id=CLRU1,POWELL,UC,CO,CLRU1
Upper Colorado Basin,Gunnison - Crystal Reservoir,CLSC2,https://www.cbrfc.noaa.gov/dbdata/wsup/graph/espgraph_hc.py?id=CLSC2,http://www.cbrfc.noaa.gov/wsup/graph/espgraph_hc.html?id=CLSC2,GUN,UC,GU,CLSC2
Upper Colorado Basin,Coal Ck - Cedar City  Nr,COAU1,https://www.cbrfc.noaa.gov/dbdata/wsup/graph/espgraph_hc.py?id=COAU1,http://www.cbrfc.noaa.gov/wsup/graph/espgraph_hc.html?id=COAU1,SEV_H,SV,SV,COAU1
Upper Colorado Basin,Fraser - Winter Park,FRWC2,https://www.cbrfc.noaa.gov/dbdata/wsup/graph/espgraph_hc.py?id=FRWC2,http://www.cbrfc.noaa.gov/wsup/graph/espgraph_hc.html?id=FRWC2,COLKREM,UC,CO,FRWC2
Upper Colorado Basin,Ferron Ck - Ferron  Nr,FRRU1,https://www.cbrfc.noaa.gov/dbdata/wsup/graph/espgraph_hc.py?id=FRRU1,http://www.cbrfc.noaa.gov/wsup/graph/espgraph_hc.html?id=FRRU1,SANRAFDD,GN,LG,FRRU1
Upper Colorado Basin,Pine Ck - Fremont Lk  Abv,FRAW4,https://www.cbrfc.noaa.gov/dbdata/wsup/graph/espgraph_hc.py?id=FRAW4,http://www.cbrfc.noaa.gov/wsup/graph/espgraph_hc.html?id=FRAW4,GREEN,GN,UG,FRAW4
Upper Colorado Basin,Fish Ck - Scofield  Nr  Reservoir  Abv,FCNU1,https://www.cbrfc.noaa.gov/dbdata/wsup/graph/espgraph_hc.py?id=FCNU1,http://www.cbrfc.noaa.gov/wsup/graph/espgraph_hc.html?id=FCNU1,DUCHPR,GN,LG,FCNU1
Upper Colorado Basin,Elk - Milner  Nr,ENMC2,https://www.cbrfc.noaa.gov/dbdata/wsup/graph/espgraph_hc.py?id=ENMC2,http://www.cbrfc.noaa.gov/wsup/graph/espgraph_hc.html?id=ENMC2,WHYAM,GN,YW,ENMC2
Upper Colorado Basin,Huntington Ck - Electric Lake,ELLU1,https://www.cbrfc.noaa.gov/dbdata/wsup/graph/espgraph_hc.py?id=ELLU1,http://www.cbrfc.noaa.gov/wsup/graph/espgraph_hc.html?id=ELLU1,SANRAFDD,GN,LG,ELLU1
Upper Colorado Basin,Elkhead Ck - Long Gulch  Abv  Hayden  Nr,ELHC2,https://www.cbrfc.noaa.gov/dbdata/wsup/graph/espgraph_hc.py?id=ELHC2,http://www.cbrfc.noaa.gov/wsup/graph/espgraph_hc.html?id=ELHC2,WHYAM,GN,YW,ELHC2
Upper Colorado Basin,Colorado - Dotsero  Nr,EGLC2,https://www.cbrfc.noaa.gov/dbdata/wsup/graph/espgraph_hc.py?id=EGLC2,http://www.cbrfc.noaa.gov/wsup/graph/espgraph_hc.html?id=EGLC2,COLPAL,UC,CO,EGLC2
Upper Colorado Basin,East Canyon Ck - East Canyon Reservoir  Morgan  Nr,ECRU1,https://www.cbrfc.noaa.gov/dbdata/wsup/graph/espgraph_hc.py?id=ECRU1,http://www.cbrfc.noaa.gov/wsup/graph/espgraph_hc.html?id=ECRU1,WEBER,SL,WB,ECRU1
Upper Colorado Basin,Weber - Echo Reservoir  Echo  At,ECBU1,https://www.cbrfc.noaa.gov/dbdata/wsup/graph/espgraph_hc.py?id=ECBU1,http://www.cbrfc.noaa.gov/wsup/graph/espgraph_hc.html?id=ECBU1,WEBER,SL,WB,ECBU1
Upper Colorado Basin,Duchesne - Randlett  Nr,DURU1,https://www.cbrfc.noaa.gov/dbdata/wsup/graph/espgraph_hc.py?id=DURU1,http://www.cbrfc.noaa.gov/wsup/graph/espgraph_hc.html?id=DURU1,GREEN,GN,DC,DURU1
Upper Colorado Basin,Animas - Durango,DRGC2,https://www.cbrfc.noaa.gov/dbdata/wsup/graph/espgraph_hc.py?id=DRGC2,http://www.cbrfc.noaa.gov/wsup/graph/espgraph_hc.html?id=DRGC2,SANJUAN,SJ,SJ,DRGC2
Upper Colorado Basin,Dolores - Cisco  Nr,DOLU1,https://www.cbrfc.noaa.gov/dbdata/wsup/graph/espgraph_hc.py?id=DOLU1,http://www.cbrfc.noaa.gov/wsup/graph/espgraph_hc.html?id=DOLU1,DOL,UC,DO,DOLU1
Upper Colorado Basin,Dolores - Dolores,DOLC2,https://www.cbrfc.noaa.gov/dbdata/wsup/graph/espgraph_hc.py?id=DOLC2,http://www.cbrfc.noaa.gov/wsup/graph/espgraph_hc.html?id=DOLC2,DOL,UC,DO,DOLC2
Upper Colorado Basin,Uncompahgre - Delta,DLAC2,https://www.cbrfc.noaa.gov/dbdata/wsup/graph/espgraph_hc.py?id=DLAC2,http://www.cbrfc.noaa.gov/wsup/graph/espgraph_hc.html?id=DLAC2,GUN,UC,GU,DLAC2
Upper Colorado Basin,Blue - Dillon Reservoir,DIRC2,https://www.cbrfc.noaa.gov/dbdata/wsup/graph/espgraph_hc.py?id=DIRC2,http://www.cbrfc.noaa.gov/wsup/graph/espgraph_hc.html?id=DIRC2,COLKREM,UC,CO,DIRC2
Upper Colorado Basin,Dell Fk - Little Dell Reservoir,DELU1,https://www.cbrfc.noaa.gov/dbdata/wsup/graph/espgraph_hc.py?id=DELU1,http://www.cbrfc.noaa.gov/wsup/graph/espgraph_hc.html?id=DELU1,SIXCKS,SL,SC,DELU1
Upper Colorado Basin,Provo - Deer Ck Reservoir,DCRU1,https://www.cbrfc.noaa.gov/dbdata/wsup/graph/espgraph_hc.py?id=DCRU1,http://www.cbrfc.noaa.gov/wsup/graph/espgraph_hc.html?id=DCRU1,PROVO,SL,UL,DCRU1
Upper Colorado Basin,Duchesne - Duchesne  Nr  Knight Div  Abv,DADU1,https://www.cbrfc.noaa.gov/dbdata/wsup/graph/espgraph_hc.py?id=DADU1,http://www.cbrfc.noaa.gov/wsup/graph/espgraph_hc.html?id=DADU1,DUCHPR,GN,DC,DADU1
Upper Colorado Basin,Currant Ck - Currant Ck Reservoir,CRUU1,https://www.cbrfc.noaa.gov/dbdata/wsup/graph/espgraph_hc.py?id=CRUU1,http://www.cbrfc.noaa.gov/wsup/graph/espgraph_hc.html?id=CRUU1,DUCHPR,GN,DC,CRUU1
Upper Colorado Basin,Lost Ck - Lost Ck Reservoir  Croyden  Nr,CRAU1,https://www.cbrfc.noaa.gov/dbdata/wsup/graph/espgraph_hc.py?id=CRAU1,http://www.cbrfc.noaa.gov/wsup/graph/espgraph_hc.html?id=CRAU1,WEBER,SL,WB,CRAU1
Upper Colorado Basin,Muddy Ck - Paonia Reservoir  Bardine  Nr,PRSC2,https://www.cbrfc.noaa.gov/dbdata/wsup/graph/espgraph_hc.py?id=PRSC2,http://www.cbrfc.noaa.gov/wsup/graph/espgraph_hc.html?id=PRSC2,GUN,UC,GU,PRSC2
Upper Colorado Basin,Rio Hondo Near Valdez,VADN5,https://www.cbrfc.noaa.gov/dbdata/wsup/graph/espgraph_hc.py?id=VADN5,http://www.cbrfc.noaa.gov/wsup/graph/espgraph_hc.html?id=VADN5,-,WG,RG,VADN5
Upper Colorado Basin,Little Bear - Paradise,PRZU1,https://www.cbrfc.noaa.gov/dbdata/wsup/graph/espgraph_hc.py?id=PRZU1,http://www.cbrfc.noaa.gov/wsup/graph/espgraph_hc.html?id=PRZU1,BEAR,SL,BR,PRZU1
Upper Colorado Basin,Provo - Hailstone  Nr,PVHU1,https://www.cbrfc.noaa.gov/dbdata/wsup/graph/espgraph_hc.py?id=PVHU1,http://www.cbrfc.noaa.gov/wsup/graph/espgraph_hc.html?id=PVHU1,PROVO,SL,UL,PVHU1
Upper Colorado Basin,Rio Grande Near Lobatos,LOBC2,https://www.cbrfc.noaa.gov/dbdata/wsup/graph/espgraph_hc.py?id=LOBC2,http://www.cbrfc.noaa.gov/wsup/graph/espgraph_hc.html?id=LOBC2,-,WG,RG,LOBC2
Upper Colorado Basin,Rio Ojo Caliente At La Madera,LMDN5,https://www.cbrfc.noaa.gov/dbdata/wsup/graph/espgraph_hc.py?id=LMDN5,http://www.cbrfc.noaa.gov/wsup/graph/espgraph_hc.html?id=LMDN5,-,WG,RG,LMDN5
Upper Colorado Basin,La Jara Creek At Gallegos Ranch Near Capulin,LJCC2,https://www.cbrfc.noaa.gov/dbdata/wsup/graph/espgraph_hc.py?id=LJCC2,http://www.cbrfc.noaa.gov/wsup/graph/espgraph_hc.html?id=LJCC2,-,WG,RG,LJCC2
Upper Colorado Basin,Jemez River Near Jemez,JEZN5,https://www.cbrfc.noaa.gov/dbdata/wsup/graph/espgraph_hc.py?id=JEZN5,http://www.cbrfc.noaa.gov/wsup/graph/espgraph_hc.html?id=JEZN5,-,WG,RG,JEZN5
Upper Colorado Basin,Jemez River Below Jemez Canyon Dam,JECN5,https://www.cbrfc.noaa.gov/dbdata/wsup/graph/espgraph_hc.py?id=JECN5,http://www.cbrfc.noaa.gov/wsup/graph/espgraph_hc.html?id=JECN5,-,WG,RG,JECN5
Upper Colorado Basin,Rio Grande River Near Del Norte,DNRC2,https://www.cbrfc.noaa.gov/dbdata/wsup/graph/espgraph_hc.py?id=DNRC2,http://www.cbrfc.noaa.gov/wsup/graph/espgraph_hc.html?id=DNRC2,-,WG,RG,DNRC2
Upper Colorado Basin,Embudo Creek At Dixon,DIXN5,https://www.cbrfc.noaa.gov/dbdata/wsup/graph/espgraph_hc.py?id=DIXN5,http://www.cbrfc.noaa.gov/wsup/graph/espgraph_hc.html?id=DIXN5,-,WG,RG,DIXN5
Upper Colorado Basin,Santa Cruz River At Cundiyo Nm,CYON5,https://www.cbrfc.noaa.gov/dbdata/wsup/graph/espgraph_hc.py?id=CYON5,http://www.cbrfc.noaa.gov/wsup/graph/espgraph_hc.html?id=CYON5,-,WG,RG,CYON5
Upper Colorado Basin,Rio Grande At Thirty Mile Bridge Near Creede,CRDC2,https://www.cbrfc.noaa.gov/dbdata/wsup/graph/espgraph_hc.py?id=CRDC2,http://www.cbrfc.noaa.gov/wsup/graph/espgraph_hc.html?id=CRDC2,-,WG,RG,CRDC2
Upper Colorado Basin,Conejos River Near Mogote,MOGC2,https://www.cbrfc.noaa.gov/dbdata/wsup/graph/espgraph_hc.py?id=MOGC2,http://www.cbrfc.noaa.gov/wsup/graph/espgraph_hc.html?id=MOGC2,-,WG,RG,MOGC2
Upper Colorado Basin,Costilla Creek Near Costilla,COSN5,https://www.cbrfc.noaa.gov/dbdata/wsup/graph/espgraph_hc.py?id=COSN5,http://www.cbrfc.noaa.gov/wsup/graph/espgraph_hc.html?id=COSN5,-,WG,RG,COSN5
Upper Colorado Basin,Costilla Creek Below Costilla Dam,CBDN5,https://www.cbrfc.noaa.gov/dbdata/wsup/graph/espgraph_hc.py?id=CBDN5,http://www.cbrfc.noaa.gov/wsup/graph/espgraph_hc.html?id=CBDN5,-,WG,RG,CBDN5
Upper Colorado Basin,Pecos River Near Anton Chico,ATCN5,https://www.cbrfc.noaa.gov/dbdata/wsup/graph/espgraph_hc.py?id=ATCN5,http://www.cbrfc.noaa.gov/wsup/graph/espgraph_hc.html?id=ATCN5,-,WG,PE,ATCN5
Upper Colorado Basin,Arkansas River At Salida,SALC2,https://www.cbrfc.noaa.gov/dbdata/wsup/graph/espgraph_hc.py?id=SALC2,http://www.cbrfc.noaa.gov/wsup/graph/espgraph_hc.html?id=SALC2,-,AB,CO,SALC2
Upper Colorado Basin,Purgatoire River At Trinidad,PTRC2,https://www.cbrfc.noaa.gov/dbdata/wsup/graph/espgraph_hc.py?id=PTRC2,http://www.cbrfc.noaa.gov/wsup/graph/espgraph_hc.html?id=PTRC2,-,AB,CO,PTRC2
Upper Colorado Basin,Arkansas River Above Pueblo,PDAC2,https://www.cbrfc.noaa.gov/dbdata/wsup/graph/espgraph_hc.py?id=PDAC2,http://www.cbrfc.noaa.gov/wsup/graph/espgraph_hc.html?id=PDAC2,-,AB,CO,PDAC2
Upper Colorado Basin,Arkansas River At Las Animas,LARC2,https://www.cbrfc.noaa.gov/dbdata/wsup/graph/espgraph_hc.py?id=LARC2,http://www.cbrfc.noaa.gov/wsup/graph/espgraph_hc.html?id=LARC2,-,AB,CO,LARC2
Upper Colorado Basin,Purgatoire River Near Las Animas,LAPC2,https://www.cbrfc.noaa.gov/dbdata/wsup/graph/espgraph_hc.py?id=LAPC2,http://www.cbrfc.noaa.gov/wsup/graph/espgraph_hc.html?id=LAPC2,-,AB,CO,LAPC2
Upper Colorado Basin,Huerfano River Near Redwing,HMZC2,https://www.cbrfc.noaa.gov/dbdata/wsup/graph/espgraph_hc.py?id=HMZC2,http://www.cbrfc.noaa.gov/wsup/graph/espgraph_hc.html?id=HMZC2,-,AB,CO,HMZC2
Upper Colorado Basin,Grape Creek Near Westcliffe,GCWC2,https://www.cbrfc.noaa.gov/dbdata/wsup/graph/espgraph_hc.py?id=GCWC2,http://www.cbrfc.noaa.gov/wsup/graph/espgraph_hc.html?id=GCWC2,-,AB,CO,GCWC2
Upper Colorado Basin,Rio Chama Near Chamita,CMTN5,https://www.cbrfc.noaa.gov/dbdata/wsup/graph/espgraph_hc.py?id=CMTN5,http://www.cbrfc.noaa.gov/wsup/graph/espgraph_hc.html?id=CMTN5,-,WG,RG,CMTN5
Upper Colorado Basin,Cimarron River Below Eagle Nest,EGLN5,https://www.cbrfc.noaa.gov/dbdata/wsup/graph/espgraph_hc.py?id=EGLN5,http://www.cbrfc.noaa.gov/wsup/graph/espgraph_hc.html?id=EGLN5,-,AB,NM,EGLN5
Upper Colorado Basin,Gallinas Creek Near Montezuma Nm,MTZN5,https://www.cbrfc.noaa.gov/dbdata/wsup/graph/espgraph_hc.py?id=MTZN5,http://www.cbrfc.noaa.gov/wsup/graph/espgraph_hc.html?id=MTZN5,-,WG,PE,MTZN5
Upper Colorado Basin,Rio Grande At Otowi Bridge,OTWN5,https://www.cbrfc.noaa.gov/dbdata/wsup/graph/espgraph_hc.py?id=OTWN5,http://www.cbrfc.noaa.gov/wsup/graph/espgraph_hc.html?id=OTWN5,-,WG,RG,OTWN5
Upper Colorado Basin,Trinchera Creek Above Turner'S Ranch Near Fort Gar,TTRC2,https://www.cbrfc.noaa.gov/dbdata/wsup/graph/espgraph_hc.py?id=TTRC2,http://www.cbrfc.noaa.gov/wsup/graph/espgraph_hc.html?id=TTRC2,-,WG,RG,TTRC2
Upper Colorado Basin,Alamosa River Above Terrace Reservoir,TERC2,https://www.cbrfc.noaa.gov/dbdata/wsup/graph/espgraph_hc.py?id=TERC2,http://www.cbrfc.noaa.gov/wsup/graph/espgraph_hc.html?id=TERC2,-,WG,RG,TERC2
Upper Colorado Basin,Rio Pueblo De Taos Below Los Cordovas,TBCN5,https://www.cbrfc.noaa.gov/dbdata/wsup/graph/espgraph_hc.py?id=TBCN5,http://www.cbrfc.noaa.gov/wsup/graph/espgraph_hc.html?id=TBCN5,-,WG,RG,TBCN5
Upper Colorado Basin,Pecos River Above Santa Rosa Lake,SRPN5,https://www.cbrfc.noaa.gov/dbdata/wsup/graph/espgraph_hc.py?id=SRPN5,http://www.cbrfc.noaa.gov/wsup/graph/espgraph_hc.html?id=SRPN5,-,WG,PE,SRPN5
Upper Colorado Basin,South Fork Rio Grande At South Fork Co,SRGC2,https://www.cbrfc.noaa.gov/dbdata/wsup/graph/espgraph_hc.py?id=SRGC2,http://www.cbrfc.noaa.gov/wsup/graph/espgraph_hc.html?id=SRGC2,-,WG,RG,SRGC2
Upper Colorado Basin,Pecos River Near Santa Rosa,SRDN5,https://www.cbrfc.noaa.gov/dbdata/wsup/graph/espgraph_hc.py?id=SRDN5,http://www.cbrfc.noaa.gov/wsup/graph/espgraph_hc.html?id=SRDN5,-,WG,PE,SRDN5
Upper Colorado Basin,Rio Grande Floodway At San Marcial,SMFN5,https://www.cbrfc.noaa.gov/dbdata/wsup/graph/espgraph_hc.py?id=SMFN5,http://www.cbrfc.noaa.gov/wsup/graph/espgraph_hc.html?id=SMFN5,-,WG,RG,SMFN5
Upper Colorado Basin,Culebra Creek At San Luis,SLUC2,https://www.cbrfc.noaa.gov/dbdata/wsup/graph/espgraph_hc.py?id=SLUC2,http://www.cbrfc.noaa.gov/wsup/graph/espgraph_hc.html?id=SLUC2,-,WG,RG,SLUC2
Upper Colorado Basin,Santa Fe River Near Santa Fe,SFRN5,https://www.cbrfc.noaa.gov/dbdata/wsup/graph/espgraph_hc.py?id=SFRN5,http://www.cbrfc.noaa.gov/wsup/graph/espgraph_hc.html?id=SFRN5,-,WG,RG,SFRN5
Upper Colorado Basin,Los Pinos River Near Ortiz,ORTC2,https://www.cbrfc.noaa.gov/dbdata/wsup/graph/espgraph_hc.py?id=ORTC2,http://www.cbrfc.noaa.gov/wsup/graph/espgraph_hc.html?id=ORTC2,-,WG,RG,ORTC2
Upper Colorado Basin,Saguache Creek Near Saguache,SCKC2,https://www.cbrfc.noaa.gov/dbdata/wsup/graph/espgraph_hc.py?id=SCKC2,http://www.cbrfc.noaa.gov/wsup/graph/espgraph_hc.html?id=SCKC2,-,WG,RG,SCKC2
Upper Colorado Basin,Sangre De Cristo Creek Near Fort Garland,SAFC2,https://www.cbrfc.noaa.gov/dbdata/wsup/graph/espgraph_hc.py?id=SAFC2,http://www.cbrfc.noaa.gov/wsup/graph/espgraph_hc.html?id=SAFC2,-,WG,RG,SAFC2
Upper Colorado Basin,Rio Grande At Wagon Wheel Gap,RWGC2,https://www.cbrfc.noaa.gov/dbdata/wsup/graph/espgraph_hc.py?id=RWGC2,http://www.cbrfc.noaa.gov/wsup/graph/espgraph_hc.html?id=RWGC2,-,WG,RG,RWGC2
Upper Colorado Basin,Red River Below Fish Hatchery Near Questa,RRFN5,https://www.cbrfc.noaa.gov/dbdata/wsup/graph/espgraph_hc.py?id=RRFN5,http://www.cbrfc.noaa.gov/wsup/graph/espgraph_hc.html?id=RRFN5,-,WG,RG,RRFN5
Upper Colorado Basin,Rio Pueblo De Taos Near Taos,RPTN5,https://www.cbrfc.noaa.gov/dbdata/wsup/graph/espgraph_hc.py?id=RPTN5,http://www.cbrfc.noaa.gov/wsup/graph/espgraph_hc.html?id=RPTN5,-,WG,RG,RPTN5
Upper Colorado Basin,Rio Nambe Below Nambe Falls Dam Near Nambe,RNAN5,https://www.cbrfc.noaa.gov/dbdata/wsup/graph/espgraph_hc.py?id=RNAN5,http://www.cbrfc.noaa.gov/wsup/graph/espgraph_hc.html?id=RNAN5,-,WG,RG,RNAN5
Upper Colorado Basin,Rio Lucero Near Arroyo Seco,RLAN5,https://www.cbrfc.noaa.gov/dbdata/wsup/graph/espgraph_hc.py?id=RLAN5,http://www.cbrfc.noaa.gov/wsup/graph/espgraph_hc.html?id=RLAN5,-,WG,RG,RLAN5
Upper Colorado Basin,Rio Chama Below El Vado Dam,RCEN5,https://www.cbrfc.noaa.gov/dbdata/wsup/graph/espgraph_hc.py?id=RCEN5,http://www.cbrfc.noaa.gov/wsup/graph/espgraph_hc.html?id=RCEN5,-,WG,RG,RCEN5
Upper Colorado Basin,Conejos River Below Platoro Reservoir,PTOC2,https://www.cbrfc.noaa.gov/dbdata/wsup/graph/espgraph_hc.py?id=PTOC2,http://www.cbrfc.noaa.gov/wsup/graph/espgraph_hc.html?id=PTOC2,-,WG,RG,PTOC2
Upper Colorado Basin,Pecos River Near Pecos,PCON5,https://www.cbrfc.noaa.gov/dbdata/wsup/graph/espgraph_hc.py?id=PCON5,http://www.cbrfc.noaa.gov/wsup/graph/espgraph_hc.html?id=PCON5,-,WG,PE,PCON5
Upper Colorado Basin,San Antonio River At Ortiz,SAOC2,https://www.cbrfc.noaa.gov/dbdata/wsup/graph/espgraph_hc.py?id=SAOC2,http://www.cbrfc.noaa.gov/wsup/graph/espgraph_hc.html?id=SAOC2,-,WG,RG,SAOC2
Upper Colorado Basin,Vermejo River Near Dawson,DAWN5,https://www.cbrfc.noaa.gov/dbdata/wsup/graph/espgraph_hc.py?id=DAWN5,http://www.cbrfc.noaa.gov/wsup/graph/espgraph_hc.html?id=DAWN5,-,AB,NM,DAWN5
Upper Colorado Basin,Rayado Creek Near Cimarron,CRCN5,https://www.cbrfc.noaa.gov/dbdata/wsup/graph/espgraph_hc.py?id=CRCN5,http://www.cbrfc.noaa.gov/wsup/graph/espgraph_hc.html?id=CRCN5,-,AB,NM,CRCN5
Upper Colorado Basin,Conchas Lake Inflow,CNCN5,https://www.cbrfc.noaa.gov/dbdata/wsup/graph/espgraph_hc.py?id=CNCN5,http://www.cbrfc.noaa.gov/wsup/graph/espgraph_hc.html?id=CNCN5,-,AB,NM,CNCN5
Upper Colorado Basin,Duchesne - Tabiona  Nr,TADU1,https://www.cbrfc.noaa.gov/dbdata/wsup/graph/espgraph_hc.py?id=TADU1,http://www.cbrfc.noaa.gov/wsup/graph/espgraph_hc.html?id=TADU1,DUCHPR,GN,DC,TADU1
Upper Colorado Basin,Salt Ck - Nephi Powerplant Div  Blo,SZZU1,https://www.cbrfc.noaa.gov/dbdata/wsup/graph/espgraph_hc.py?id=SZZU1,http://www.cbrfc.noaa.gov/wsup/graph/espgraph_hc.html?id=SZZU1,PROVO,SL,UL,SZZU1
Upper Colorado Basin,Yampa - Steamboat Springs,STMC2,https://www.cbrfc.noaa.gov/dbdata/wsup/graph/espgraph_hc.py?id=STMC2,http://www.cbrfc.noaa.gov/wsup/graph/espgraph_hc.html?id=STMC2,WHYAM,GN,YW,STMC2
Upper Colorado Basin,Strawberry - Strawberry Reservoir  Soldier Springs,STIU1,https://www.cbrfc.noaa.gov/dbdata/wsup/graph/espgraph_hc.py?id=STIU1,http://www.cbrfc.noaa.gov/wsup/graph/espgraph_hc.html?id=STIU1,DUCHPR,GN,DC,STIU1
Upper Colorado Basin,Santa Clara - Pine Valley  Nr,STCU1,https://www.cbrfc.noaa.gov/dbdata/wsup/graph/espgraph_hc.py?id=STCU1,http://www.cbrfc.noaa.gov/wsup/graph/espgraph_hc.html?id=STCU1,VIRGIN,VG,VG,STCU1
Upper Colorado Basin,Strawberry - Starvation Reservoir  Duchesne  Nr,STAU1,https://www.cbrfc.noaa.gov/dbdata/wsup/graph/espgraph_hc.py?id=STAU1,http://www.cbrfc.noaa.gov/wsup/graph/espgraph_hc.html?id=STAU1,DUCHPR,GN,DC,STAU1
Upper Colorado Basin,Nf Gunnison - Somerset  Nr,SOMC2,https://www.cbrfc.noaa.gov/dbdata/wsup/graph/espgraph_hc.py?id=SOMC2,http://www.cbrfc.noaa.gov/wsup/graph/espgraph_hc.html?id=SOMC2,GUN,UC,GU,SOMC2
Upper Colorado Basin,San Miguel - Placerville  Nr,SMPC2,https://www.cbrfc.noaa.gov/dbdata/wsup/graph/espgraph_hc.py?id=SMPC2,http://www.cbrfc.noaa.gov/wsup/graph/espgraph_hc.html?id=SMPC2,DOL,UC,DO,SMPC2
Upper Colorado Basin,Ef Smiths Fork - Stateline Reservoir  Robertson Nr,SLRW4,https://www.cbrfc.noaa.gov/dbdata/wsup/graph/espgraph_hc.py?id=SLRW4,http://www.cbrfc.noaa.gov/wsup/graph/espgraph_hc.html?id=SLRW4,GREEN,GN,UG,SLRW4
Upper Colorado Basin,Tomichi Ck - Gunnison,TOMC2,https://www.cbrfc.noaa.gov/dbdata/wsup/graph/espgraph_hc.py?id=TOMC2,http://www.cbrfc.noaa.gov/wsup/graph/espgraph_hc.html?id=TOMC2,GUN,UC,GU,TOMC2
Upper Colorado Basin,San Juan - Carracas  Nr,SJCC2,https://www.cbrfc.noaa.gov/dbdata/wsup/graph/espgraph_hc.py?id=SJCC2,http://www.cbrfc.noaa.gov/wsup/graph/espgraph_hc.html?id=SJCC2,SANJUAN,SJ,SJ,SJCC2
Upper Colorado Basin,South Fork Rock Ck - Docs Div  Blo,SFRU1,https://www.cbrfc.noaa.gov/dbdata/wsup/graph/espgraph_hc.py?id=SFRU1,http://www.cbrfc.noaa.gov/wsup/graph/espgraph_hc.html?id=SFRU1,DUCHPR,GN,DC,SFRU1
Upper Colorado Basin,Surface Ck - Cedaredge,SCCC2,https://www.cbrfc.noaa.gov/dbdata/wsup/graph/espgraph_hc.py?id=SCCC2,http://www.cbrfc.noaa.gov/wsup/graph/espgraph_hc.html?id=SCCC2,GUN,UC,GU,SCCC2
Upper Colorado Basin,Salina Ck - Emery  Nr,SAYU1,https://www.cbrfc.noaa.gov/dbdata/wsup/graph/espgraph_hc.py?id=SAYU1,http://www.cbrfc.noaa.gov/wsup/graph/espgraph_hc.html?id=SAYU1,SEV_H,SV,SV,SAYU1
Upper Colorado Basin,Frying Pan - Ruedi Reservoir  Basalt  Nr,RURC2,https://www.cbrfc.noaa.gov/dbdata/wsup/graph/espgraph_hc.py?id=RURC2,http://www.cbrfc.noaa.gov/wsup/graph/espgraph_hc.html?id=RURC2,COLPAL,UC,CO,RURC2
Upper Colorado Basin,Rock Ck - Mountain Home  Nr,ROKU1,https://www.cbrfc.noaa.gov/dbdata/wsup/graph/espgraph_hc.py?id=ROKU1,http://www.cbrfc.noaa.gov/wsup/graph/espgraph_hc.html?id=ROKU1,DUCHPR,GN,DC,ROKU1
Upper Colorado Basin,Weber - Rockport Res  Wanship  Nr,RKUU1,https://www.cbrfc.noaa.gov/dbdata/wsup/graph/espgraph_hc.py?id=RKUU1,http://www.cbrfc.noaa.gov/wsup/graph/espgraph_hc.html?id=RKUU1,WEBER,SL,WB,RKUU1
Upper Colorado Basin,Uncompahgre - Ridgway Reservoir,RBSC2,https://www.cbrfc.noaa.gov/dbdata/wsup/graph/espgraph_hc.py?id=RBSC2,http://www.cbrfc.noaa.gov/wsup/graph/espgraph_hc.html?id=RBSC2,GUN,UC,GU,RBSC2
Upper Colorado Basin,Rio Blanco - Pagosa Springs  Nr  Blanco Dam  Blo,RBPC2,https://www.cbrfc.noaa.gov/dbdata/wsup/graph/espgraph_hc.py?id=RBPC2,http://www.cbrfc.noaa.gov/wsup/graph/espgraph_hc.html?id=RBPC2,SANJUAN,SJ,SJ,RBPC2
Upper Colorado Basin,Red Butte Ck - Ft Douglas  At  Salt Lake City  Nr,RBCU1,https://www.cbrfc.noaa.gov/dbdata/wsup/graph/espgraph_hc.py?id=RBCU1,http://www.cbrfc.noaa.gov/wsup/graph/espgraph_hc.html?id=RBCU1,SIXCKS,SL,SC,RBCU1
Upper Colorado Basin,Price - Scofield Reservoir  Scofield  Nr,SFSU1,https://www.cbrfc.noaa.gov/dbdata/wsup/graph/espgraph_hc.py?id=SFSU1,http://www.cbrfc.noaa.gov/wsup/graph/espgraph_hc.html?id=SFSU1,DUCHPR,GN,LG,SFSU1
Upper Colorado Basin,Taylor - Taylor Park Reservoir,TPIC2,https://www.cbrfc.noaa.gov/dbdata/wsup/graph/espgraph_hc.py?id=TPIC2,http://www.cbrfc.noaa.gov/wsup/graph/espgraph_hc.html?id=TPIC2,GUN,UC,GU,TPIC2
Upper Colorado Basin,Rock Ck - Upper Stillwater Reservoir,USTU1,https://www.cbrfc.noaa.gov/dbdata/wsup/graph/espgraph_hc.py?id=USTU1,http://www.cbrfc.noaa.gov/wsup/graph/espgraph_hc.html?id=USTU1,DUCHPR,GN,DC,USTU1
Upper Colorado Basin,Jordan - Utah Lake  Provo  Nr,UTLU1,https://www.cbrfc.noaa.gov/dbdata/wsup/graph/espgraph_hc.py?id=UTLU1,http://www.cbrfc.noaa.gov/wsup/graph/espgraph_hc.html?id=UTLU1,PROVO,SL,UL,UTLU1
Upper Colorado Basin,Arkansas River At Canon City,CNCC2,https://www.cbrfc.noaa.gov/dbdata/wsup/graph/espgraph_hc.py?id=CNCC2,http://www.cbrfc.noaa.gov/wsup/graph/espgraph_hc.html?id=CNCC2,-,AB,CO,CNCC2
Upper Colorado Basin,Ponil Creek Near Cimarron,CMRN5,https://www.cbrfc.noaa.gov/dbdata/wsup/graph/espgraph_hc.py?id=CMRN5,http://www.cbrfc.noaa.gov/wsup/graph/espgraph_hc.html?id=CMRN5,-,AB,NM,CMRN5
Upper Colorado Basin,Cimarron River Near Cimarron,CMMN5,https://www.cbrfc.noaa.gov/dbdata/wsup/graph/espgraph_hc.py?id=CMMN5,http://www.cbrfc.noaa.gov/wsup/graph/espgraph_hc.html?id=CMMN5,-,AB,NM,CMMN5
Upper Colorado Basin,Cucharas River At Boyd Ranch,CLVC2,https://www.cbrfc.noaa.gov/dbdata/wsup/graph/espgraph_hc.py?id=CLVC2,http://www.cbrfc.noaa.gov/wsup/graph/espgraph_hc.html?id=CLVC2,-,AB,CO,CLVC2
Upper Colorado Basin,Chalk Creek At Nathrop,CHKC2,https://www.cbrfc.noaa.gov/dbdata/wsup/graph/espgraph_hc.py?id=CHKC2,http://www.cbrfc.noaa.gov/wsup/graph/espgraph_hc.html?id=CHKC2,-,AB,CO,CHKC2
Upper Colorado Basin,Arkansas River At Granite,ARGC2,https://www.cbrfc.noaa.gov/dbdata/wsup/graph/espgraph_hc.py?id=ARGC2,http://www.cbrfc.noaa.gov/wsup/graph/espgraph_hc.html?id=ARGC2,-,AB,CO,ARGC2
Upper Colorado Basin,Yellowstone - Altonah  Nr,YLLU1,https://www.cbrfc.noaa.gov/dbdata/wsup/graph/espgraph_hc.py?id=YLLU1,http://www.cbrfc.noaa.gov/wsup/graph/espgraph_hc.html?id=YLLU1,DUCHPR,GN,DC,YLLU1
Upper Colorado Basin,Yampa - Deerlodge Park,YDLC2,https://www.cbrfc.noaa.gov/dbdata/wsup/graph/espgraph_hc.py?id=YDLC2,http://www.cbrfc.noaa.gov/wsup/graph/espgraph_hc.html?id=YDLC2,WHYAM,GN,YW,YDLC2
Upper Colorado Basin,Whiterocks - Whiterocks  Nr,WTRU1,https://www.cbrfc.noaa.gov/dbdata/wsup/graph/espgraph_hc.py?id=WTRU1,http://www.cbrfc.noaa.gov/wsup/graph/espgraph_hc.html?id=WTRU1,DUCHPR,GN,DC,WTRU1
Upper Colorado Basin,White - Blo Tabbyune Ck  Soldier Summit  Nr,WRSU1,https://www.cbrfc.noaa.gov/dbdata/wsup/graph/espgraph_hc.py?id=WRSU1,http://www.cbrfc.noaa.gov/wsup/graph/espgraph_hc.html?id=WRSU1,DUCHPR,GN,LG,WRSU1
Upper Colorado Basin,White - Meeker  Nr,WRMC2,https://www.cbrfc.noaa.gov/dbdata/wsup/graph/espgraph_hc.py?id=WRMC2,http://www.cbrfc.noaa.gov/wsup/graph/espgraph_hc.html?id=WRMC2,WHYAM,GN,YW,WRMC2
Upper Colorado Basin,Muddy Ck - Wolford Mountain Reservoir,WORC2,https://www.cbrfc.noaa.gov/dbdata/wsup/graph/espgraph_hc.py?id=WORC2,http://www.cbrfc.noaa.gov/wsup/graph/espgraph_hc.html?id=WORC2,COLKREM,UC,CO,WORC2
Upper Colorado Basin,Provo - Woodland  Nr,WOOU1,https://www.cbrfc.noaa.gov/dbdata/wsup/graph/espgraph_hc.py?id=WOOU1,http://www.cbrfc.noaa.gov/wsup/graph/espgraph_hc.html?id=WOOU1,PROVO,SL,UL,WOOU1
Upper Colorado Basin,West Fork Duchesne - Vat Diversion  Blo,WFDU1,https://www.cbrfc.noaa.gov/dbdata/wsup/graph/espgraph_hc.py?id=WFDU1,http://www.cbrfc.noaa.gov/wsup/graph/espgraph_hc.html?id=WFDU1,DUCHPR,GN,DC,WFDU1
Upper Colorado Basin,Williams Fork - Williams Fork Reservoir  Parshall,WFDC2,https://www.cbrfc.noaa.gov/dbdata/wsup/graph/espgraph_hc.py?id=WFDC2,http://www.cbrfc.noaa.gov/wsup/graph/espgraph_hc.html?id=WFDC2,COLKREM,UC,CO,WFDC2
Upper Colorado Basin,Willow Ck - Willow Ck Reservoir  Granby  Nr,WCRC2,https://www.cbrfc.noaa.gov/dbdata/wsup/graph/espgraph_hc.py?id=WCRC2,http://www.cbrfc.noaa.gov/wsup/graph/espgraph_hc.html?id=WCRC2,COLKREM,UC,CO,WCRC2
Upper Colorado Basin,Green - Daniel  Nr  Warren Bridge  At,WBRW4,https://www.cbrfc.noaa.gov/dbdata/wsup/graph/espgraph_hc.py?id=WBRW4,http://www.cbrfc.noaa.gov/wsup/graph/espgraph_hc.html?id=WBRW4,GREEN,GN,UG,WBRW4
Upper Colorado Basin,White - Watson  Nr,WATU1,https://www.cbrfc.noaa.gov/dbdata/wsup/graph/espgraph_hc.py?id=WATU1,http://www.cbrfc.noaa.gov/wsup/graph/espgraph_hc.html?id=WATU1,WHYAM,GN,YW,WATU1
Upper Colorado Basin,Hams Fork - Viva Naughton Reservoir,VIVW4,https://www.cbrfc.noaa.gov/dbdata/wsup/graph/espgraph_hc.py?id=VIVW4,http://www.cbrfc.noaa.gov/wsup/graph/espgraph_hc.html?id=VIVW4,GREEN,GN,UG,VIVW4
Upper Colorado Basin,Virgin - Virgin,VIRU1,https://www.cbrfc.noaa.gov/dbdata/wsup/graph/espgraph_hc.py?id=VIRU1,http://www.cbrfc.noaa.gov/wsup/graph/espgraph_hc.html?id=VIRU1,VIRGIN,VG,VG,VIRU1
Upper Colorado Basin,Los Pinos - Vallecito Reservoir  Bayfield  Nr,VCRC2,https://www.cbrfc.noaa.gov/dbdata/wsup/graph/espgraph_hc.py?id=VCRC2,http://www.cbrfc.noaa.gov/wsup/graph/espgraph_hc.html?id=VCRC2,SANJUAN,SJ,SJ,VCRC2
Upper Colorado Basin,San Juan - Pagosa Springs,PSPC2,https://www.cbrfc.noaa.gov/dbdata/wsup/graph/espgraph_hc.py?id=PSPC2,http://www.cbrfc.noaa.gov/wsup/graph/espgraph_hc.html?id=PSPC2,SANJUAN,SJ,SJ,PSPC2
Upper Colorado Basin,Tesuque Creek Above Diversions Near Santa Fe,TSQN5,https://www.cbrfc.noaa.gov/dbdata/wsup/graph/espgraph_hc.py?id=TSQN5,http://www.cbrfc.noaa.gov/wsup/graph/espgraph_hc.html?id=TSQN5,-,WG,RG,TSQN5
,COLUMBIA - ARROW LAKES (HUGH KEENLEYSIDE DAM),ARDQ2,https://www.nwrfc.noaa.gov/water_supply/ws_boxplot.php?_jpg_csimd=1&start_month=APR&end_month=SEP&fcst_method=ESP10&overlay=4&image_only=1&fit=0&show_min_max=0&id=ARDQ2&water_year=2026,https://www.nwrfc.noaa.gov/water_supply/ws_forecasts.php?id=ARDQ2,-,,,ARDQ2
,COLUMBIA - AT BIRCHBANK,BIRQ2,https://www.nwrfc.noaa.gov/water_supply/ws_boxplot.php?_jpg_csimd=1&start_month=APR&end_month=SEP&fcst_method=ESP10&overlay=4&image_only=1&fit=0&show_min_max=0&id=BIRQ2&water_year=2026,https://www.nwrfc.noaa.gov/water_supply/ws_forecasts.php?id=BIRQ2,-,,,BIRQ2
,DUNCAN - DUNCAN DAM,DCDQ2,https://www.nwrfc.noaa.gov/water_supply/ws_boxplot.php?_jpg_csimd=1&start_month=APR&end_month=SEP&fcst_method=ESP10&overlay=4&image_only=1&fit=0&show_min_max=0&id=DCDQ2&water_year=2026,https://www.nwrfc.noaa.gov/water_supply/ws_forecasts.php?id=DCDQ2,-,,,DCDQ2
,COLUMBIA - MICA DAM,MCDQ2,https://www.nwrfc.noaa.gov/water_supply/ws_boxplot.php?_jpg_csimd=1&start_month=APR&end_month=SEP&fcst_method=ESP10&overlay=4&image_only=1&fit=0&show_min_max=0&id=MCDQ2&water_year=2026,https://www.nwrfc.noaa.gov/water_supply/ws_forecasts.php?id=MCDQ2,-,,,MCDQ2
,KOOTENAI - KOOTENAY L AT QUEENS BAY,QBYQ2,https://www.nwrfc.noaa.gov/water_supply/ws_boxplot.php?_jpg_csimd=1&start_month=APR&end_month=SEP&fcst_method=ESP10&overlay=4&image_only=1&fit=0&show_min_max=0&id=QBYQ2&water_year=2026,https://www.nwrfc.noaa.gov/water_supply/ws_forecasts.php?id=QBYQ2,-,,,QBYQ2
,COLUMBIA - REVELSTOKE DAM,REVQ2,https://www.nwrfc.noaa.gov/water_supply/ws_boxplot.php?_jpg_csimd=1&start_month=APR&end_month=SEP&fcst_method=ESP10&overlay=4&image_only=1&fit=0&show_min_max=0&id=REVQ2&water_year=2026,https://www.nwrfc.noaa.gov/water_supply/ws_forecasts.php?id=REVQ2,-,,,REVQ2
,SLOCAN - NEAR CRESCENT VALLEY,SLCQ2,https://www.nwrfc.noaa.gov/water_supply/ws_boxplot.php?_jpg_csimd=1&start_month=APR&end_month=SEP&fcst_method=ESP10&overlay=4&image_only=1&fit=0&show_min_max=0&id=SLCQ2&water_year=2026,https://www.nwrfc.noaa.gov/water_supply/ws_forecasts.php?id=SLCQ2,-,,,SLCQ2
,SIMILKAMEEN - NEAR HEDLEY,SMKQ2,https://www.nwrfc.noaa.gov/water_supply/ws_boxplot.php?_jpg_csimd=1&start_month=APR&end_month=SEP&fcst_method=ESP10&overlay=4&image_only=1&fit=0&show_min_max=0&id=SMKQ2&water_year=2026,https://www.nwrfc.noaa.gov/water_supply/ws_forecasts.php?id=SMKQ2,-,,,SMKQ2
